SpatialDimensionValueCode,TimeDim,NumericValue
AFG,2000,4.35615
AFG,2001,4.38303
AFG,2002,4.255
AFG,2003,4.23829
AFG,2004,4.23198
AFG,2005,4.15528
AFG,2006,4.01697
AFG,2007,3.95192
AFG,2008,3.86412
AFG,2009,3.66025
AFG,2010,3.58878
AFG,2011,3.68337
AFG,2012,3.63912
AFG,2013,3.61291
AFG,2014,3.54102
AFG,2015,3.46069
AFG,2016,3.46679
AFG,2017,3.55563
AFG,2018,3.55774
AFG,2019,3.52831
AFG,2020,3.49391
AFG,2021,3.59542
AFR,2000,6.92466
AFR,2001,6.87295
AFR,2002,6.8994
AFR,2003,6.92195
AFR,2004,6.87907
AFR,2005,6.7449
AFR,2006,6.77868
AFR,2007,6.75118
AFR,2008,6.78011
AFR,2009,6.75332
AFR,2010,6.94396
AFR,2011,6.83202
AFR,2012,6.78866
AFR,2013,6.76462
AFR,2014,6.79859
AFR,2015,6.82011
AFR,2016,6.78454
AFR,2017,6.73872
AFR,2018,6.92691
AFR,2019,6.97111
AFR,2020,6.89585
AFR,2021,7.26929
AGO,2000,9.11515
AGO,2001,8.47953
AGO,2002,8.23169
AGO,2003,8.8836
AGO,2004,8.91894
AGO,2005,8.32302
AGO,2006,8.58974
AGO,2007,7.99588
AGO,2008,7.50081
AGO,2009,7.24214
AGO,2010,6.89468
AGO,2011,6.95112
AGO,2012,6.79033
AGO,2013,6.87989
AGO,2014,6.36027
AGO,2015,6.55582
AGO,2016,6.48586
AGO,2017,6.4693
AGO,2018,7.15116
AGO,2019,7.52046
AGO,2020,7.40921
AGO,2021,8.11378
ALB,2000,4.7805
ALB,2001,4.19208
ALB,2002,4.28382
ALB,2003,4.46889
ALB,2004,4.44481
ALB,2005,6.79668
ALB,2006,6.88227
ALB,2007,7.02967
ALB,2008,7.09477
ALB,2009,7.01951
ALB,2010,6.76582
ALB,2011,6.91202
ALB,2012,4.49102
ALB,2013,4.4986
ALB,2014,4.25204
ALB,2015,4.13076
ALB,2016,4.02533
ALB,2017,3.91351
ALB,2018,3.82535
ALB,2019,3.78342
ALB,2020,3.35507
ALB,2021,2.7547
AMR,2000,7.64527
AMR,2001,7.92333
AMR,2002,7.97581
AMR,2003,7.94344
AMR,2004,7.94691
AMR,2005,7.94195
AMR,2006,7.91831
AMR,2007,8.07547
AMR,2008,8.30933
AMR,2009,8.40106
AMR,2010,8.43598
AMR,2011,8.6609
AMR,2012,8.76163
AMR,2013,8.74223
AMR,2014,9.03268
AMR,2015,9.25046
AMR,2016,9.36515
AMR,2017,9.69488
AMR,2018,9.78128
AMR,2019,9.73105
AMR,2020,9.51625
AMR,2021,9.87684
ARE,2000,2.44955
ARE,2001,2.40854
ARE,2002,2.27181
ARE,2003,2.17363
ARE,2004,2.16884
ARE,2005,2.20869
ARE,2006,2.20056
ARE,2007,1.96796
ARE,2008,2.13211
ARE,2009,2.35056
ARE,2010,2.54456
ARE,2011,2.62402
ARE,2012,2.67193
ARE,2013,2.59969
ARE,2014,2.46072
ARE,2015,2.4676
ARE,2016,2.37987
ARE,2017,2.48125
ARE,2018,2.51452
ARE,2019,2.46284
ARE,2020,2.37788
ARE,2021,1.70659
ARG,2000,9.16712
ARG,2001,10.33128
ARG,2002,10.31487
ARG,2003,9.73933
ARG,2004,8.74717
ARG,2005,8.64306
ARG,2006,8.61028
ARG,2007,8.30691
ARG,2008,8.66866
ARG,2009,8.43997
ARG,2010,8.54167
ARG,2011,8.62889
ARG,2012,9.28402
ARG,2013,8.80696
ARG,2014,9.52593
ARG,2015,8.77289
ARG,2016,8.40539
ARG,2017,9.02866
ARG,2018,9.32674
ARG,2019,9.27967
ARG,2020,8.1218
ARG,2021,7.93811
ARM,2000,3.54505
ARM,2001,3.20517
ARM,2002,3.60602
ARM,2003,2.81176
ARM,2004,3.92253
ARM,2005,4.24662
ARM,2006,6.03607
ARM,2007,5.98469
ARM,2008,4.83262
ARM,2009,4.74026
ARM,2010,6.8827
ARM,2011,6.72146
ARM,2012,7.56367
ARM,2013,6.46843
ARM,2014,6.3587
ARM,2015,6.11294
ARM,2016,6.00463
ARM,2017,3.20991
ARM,2018,2.32262
ARM,2019,2.69734
ARM,2020,2.17875
ARM,2021,2.45847
ATG,2000,2.04436
ATG,2001,2.01303
ATG,2002,1.38015
ATG,2003,1.33483
ATG,2004,1.81229
ATG,2005,1.33919
ATG,2006,0.46941
ATG,2007,0.37551
ATG,2008,0.28539
ATG,2009,0.0
ATG,2010,0.0
ATG,2011,0.0
ATG,2012,0.0
ATG,2013,0.0
ATG,2014,0.46742
ATG,2015,0.46916
ATG,2016,0.58012
ATG,2017,0.0
ATG,2018,0.0
ATG,2019,0.0
ATG,2020,0.77336
ATG,2021,1.45599
AUS,2000,12.82553
AUS,2001,13.03573
AUS,2002,12.15223
AUS,2003,11.07803
AUS,2004,10.78504
AUS,2005,11.66995
AUS,2006,11.21219
AUS,2007,11.49788
AUS,2008,12.1038
AUS,2009,11.64501
AUS,2010,12.13409
AUS,2011,11.56907
AUS,2012,12.15989
AUS,2013,11.92302
AUS,2014,13.093
AUS,2015,13.64481
AUS,2016,12.5032
AUS,2017,13.89943
AUS,2018,13.40378
AUS,2019,13.98477
AUS,2020,13.03076
AUS,2021,13.0757
AUT,2000,19.75339
AUT,2001,18.50805
AUT,2002,19.41328
AUT,2003,17.98956
AUT,2004,17.38307
AUT,2005,17.22405
AUT,2006,16.27586
AUT,2007,15.97507
AUT,2008,15.72352
AUT,2009,15.8401
AUT,2010,16.05188
AUT,2011,16.26019
AUT,2012,16.16859
AUT,2013,16.09023
AUT,2014,16.58685
AUT,2015,16.06662
AUT,2016,15.63208
AUT,2017,15.49871
AUT,2018,15.70386
AUT,2019,14.58398
AUT,2020,13.99738
AUT,2021,14.51307
AZE,2000,2.47562
AZE,2001,2.4963
AZE,2002,2.58371
AZE,2003,2.79872
AZE,2004,2.82595
AZE,2005,3.19253
AZE,2006,3.15153
AZE,2007,2.97173
AZE,2008,3.01757
AZE,2009,2.79799
AZE,2010,2.7629
AZE,2011,2.72642
AZE,2012,2.49316
AZE,2013,2.25876
AZE,2014,2.12818
AZE,2015,1.99577
AZE,2016,1.90638
AZE,2017,1.88532
AZE,2018,1.79525
AZE,2019,1.83292
AZE,2020,3.23114
AZE,2021,1.55886
BDI,2000,10.9303
BDI,2001,10.31957
BDI,2002,9.82127
BDI,2003,9.36143
BDI,2004,9.02145
BDI,2005,8.41991
BDI,2006,8.14947
BDI,2007,7.66903
BDI,2008,7.23824
BDI,2009,7.28705
BDI,2010,7.31448
BDI,2011,7.20615
BDI,2012,7.07416
BDI,2013,7.04441
BDI,2014,7.07799
BDI,2015,6.88431
BDI,2016,6.98255
BDI,2017,6.97722
BDI,2018,6.93862
BDI,2019,6.88138
BDI,2020,6.67431
BDI,2021,7.65168
BEL,2000,22.06645
BEL,2001,22.25492
BEL,2002,20.96137
BEL,2003,21.44371
BEL,2004,20.31948
BEL,2005,20.66397
BEL,2006,20.28559
BEL,2007,18.73565
BEL,2008,20.23714
BEL,2009,20.56384
BEL,2010,20.52935
BEL,2011,21.21335
BEL,2012,20.89961
BEL,2013,19.61949
BEL,2014,19.41666
BEL,2015,18.60678
BEL,2016,19.21829
BEL,2017,18.40323
BEL,2018,18.57659
BEL,2019,18.1104
BEL,2020,16.88794
BEL,2021,18.36102
BEN,2000,6.69739
BEN,2001,6.62124
BEN,2002,6.84801
BEN,2003,6.76671
BEN,2004,6.79441
BEN,2005,6.76492
BEN,2006,6.74913
BEN,2007,6.77424
BEN,2008,7.01397
BEN,2009,7.24243
BEN,2010,7.36828
BEN,2011,7.43514
BEN,2012,7.42161
BEN,2013,7.33748
BEN,2014,7.29418
BEN,2015,7.39121
BEN,2016,7.31965
BEN,2017,7.2571
BEN,2018,7.20569
BEN,2019,7.22707
BEN,2020,6.89355
BEN,2021,7.12388
BFA,2000,9.03834
BFA,2001,9.12591
BFA,2002,8.85036
BFA,2003,8.7698
BFA,2004,8.68672
BFA,2005,8.57446
BFA,2006,8.56656
BFA,2007,8.47183
BFA,2008,8.57294
BFA,2009,8.65043
BFA,2010,8.69207
BFA,2011,8.54921
BFA,2012,8.94587
BFA,2013,9.0009
BFA,2014,8.86105
BFA,2015,8.84057
BFA,2016,8.82963
BFA,2017,8.7624
BFA,2018,8.64182
BFA,2019,8.44706
BFA,2020,8.30069
BFA,2021,8.49869
BGD,2000,4.80534
BGD,2001,4.66727
BGD,2002,4.56558
BGD,2003,4.39039
BGD,2004,4.11511
BGD,2005,4.23275
BGD,2006,4.29861
BGD,2007,4.10106
BGD,2008,3.94317
BGD,2009,3.91014
BGD,2010,3.72001
BGD,2011,3.28984
BGD,2012,3.11671
BGD,2013,3.02204
BGD,2014,3.00749
BGD,2015,2.96653
BGD,2016,2.98126
BGD,2017,3.08578
BGD,2018,3.05875
BGD,2019,3.08083
BGD,2020,2.80967
BGD,2021,2.81182
BGR,2000,18.22021
BGR,2001,17.30853
BGR,2002,17.32648
BGR,2003,14.9748
BGR,2004,14.17071
BGR,2005,13.2427
BGR,2006,13.29684
BGR,2007,12.37329
BGR,2008,13.05868
BGR,2009,12.30299
BGR,2010,12.39917
BGR,2011,11.06691
BGR,2012,12.63208
BGR,2013,10.57558
BGR,2014,10.56602
BGR,2015,9.95401
BGR,2016,9.71233
BGR,2017,10.3488
BGR,2018,9.72825
BGR,2019,9.02124
BGR,2020,10.03017
BGR,2021,9.5109
BHR,2000,10.84957
BHR,2001,10.99441
BHR,2002,10.25483
BHR,2003,10.4627
BHR,2004,10.17487
BHR,2005,9.48312
BHR,2006,7.44923
BHR,2007,7.14905
BHR,2008,6.7899
BHR,2009,6.00112
BHR,2010,5.60263
BHR,2011,5.54955
BHR,2012,5.78617
BHR,2013,5.58608
BHR,2014,5.61656
BHR,2015,5.27012
BHR,2016,5.82355
BHR,2017,6.00125
BHR,2018,5.97147
BHR,2019,5.37217
BHR,2020,5.47822
BHR,2021,4.65901
BHS,2000,3.50048
BHS,2001,3.26657
BHS,2002,3.03577
BHS,2003,3.26934
BHS,2004,3.43084
BHS,2005,3.13026
BHS,2006,3.34811
BHS,2007,3.2337
BHS,2008,3.29789
BHS,2009,3.48192
BHS,2010,3.83368
BHS,2011,3.80774
BHS,2012,3.58825
BHS,2013,3.40142
BHS,2014,3.58804
BHS,2015,3.42045
BHS,2016,3.65062
BHS,2017,3.64566
BHS,2018,3.44933
BHS,2019,3.60855
BHS,2020,3.10471
BHS,2021,3.25253
BIH,2000,10.98351
BIH,2001,10.81049
BIH,2002,10.83387
BIH,2003,10.57336
BIH,2004,10.45641
BIH,2005,10.83119
BIH,2006,10.69204
BIH,2007,11.47947
BIH,2008,10.78334
BIH,2009,10.73002
BIH,2010,10.46903
BIH,2011,10.52957
BIH,2012,10.26167
BIH,2013,10.53006
BIH,2014,10.39695
BIH,2015,10.62754
BIH,2016,10.52472
BIH,2017,10.50516
BIH,2018,10.40443
BIH,2019,10.90849
BIH,2020,9.76505
BIH,2021,8.97169
BLR,2000,39.50342
BLR,2001,39.31091
BLR,2002,40.31967
BLR,2003,40.28691
BLR,2004,40.36923
BLR,2005,40.51841
BLR,2006,37.47523
BLR,2007,34.04988
BLR,2008,36.28929
BLR,2009,36.37466
BLR,2010,34.16435
BLR,2011,34.48311
BLR,2012,28.49462
BLR,2013,25.51476
BLR,2014,23.6081
BLR,2015,21.91611
BLR,2016,20.88461
BLR,2017,18.95358
BLR,2018,18.66783
BLR,2019,17.52073
BLR,2020,16.27145
BLR,2021,15.61154
BLZ,2000,6.64297
BLZ,2001,5.53174
BLZ,2002,5.31765
BLZ,2003,5.53023
BLZ,2004,6.18588
BLZ,2005,4.91739
BLZ,2006,5.00569
BLZ,2007,4.58535
BLZ,2008,4.61415
BLZ,2009,5.87301
BLZ,2010,6.44526
BLZ,2011,6.74998
BLZ,2012,6.45533
BLZ,2013,6.2561
BLZ,2014,5.8434
BLZ,2015,5.71498
BLZ,2016,5.44839
BLZ,2017,6.25002
BLZ,2018,5.5768
BLZ,2019,5.02205
BLZ,2020,3.70021
BLZ,2021,4.17652
BOL,2000,6.54238
BOL,2001,6.47186
BOL,2002,6.48055
BOL,2003,6.40855
BOL,2004,6.36538
BOL,2005,6.32857
BOL,2006,6.10119
BOL,2007,6.12492
BOL,2008,6.00492
BOL,2009,5.94043
BOL,2010,5.75778
BOL,2011,5.68198
BOL,2012,5.43155
BOL,2013,5.41439
BOL,2014,5.49088
BOL,2015,5.5943
BOL,2016,5.58206
BOL,2017,5.53512
BOL,2018,5.40646
BOL,2019,5.3483
BOL,2020,4.791
BOL,2021,4.19678
BRA,2000,4.22831
BRA,2001,4.70076
BRA,2002,4.64604
BRA,2003,4.65462
BRA,2004,4.74457
BRA,2005,4.98688
BRA,2006,4.97019
BRA,2007,5.17613
BRA,2008,5.4103
BRA,2009,5.41602
BRA,2010,5.24882
BRA,2011,5.47578
BRA,2012,5.63524
BRA,2013,5.79022
BRA,2014,5.84628
BRA,2015,6.10835
BRA,2016,6.24754
BRA,2017,6.88701
BRA,2018,6.67905
BRA,2019,6.70782
BRA,2020,6.93194
BRA,2021,7.59403
BRB,2000,5.20142
BRB,2001,4.71741
BRB,2002,4.36062
BRB,2003,4.91889
BRB,2004,5.10222
BRB,2005,5.12489
BRB,2006,4.89508
BRB,2007,4.38778
BRB,2008,4.58142
BRB,2009,4.31583
BRB,2010,4.37445
BRB,2011,4.28669
BRB,2012,3.90596
BRB,2013,4.13398
BRB,2014,4.29346
BRB,2015,4.04665
BRB,2016,4.45293
BRB,2017,3.90486
BRB,2018,4.13796
BRB,2019,4.79828
BRB,2020,4.1366
BRB,2021,3.5031
BRN,2000,1.53023
BRN,2001,1.10143
BRN,2002,1.33427
BRN,2003,1.36425
BRN,2004,1.68911
BRN,2005,1.79899
BRN,2006,2.32517
BRN,2007,1.99033
BRN,2008,1.63862
BRN,2009,1.32494
BRN,2010,1.05052
BRN,2011,1.42276
BRN,2012,1.61254
BRN,2013,1.31008
BRN,2014,1.32003
BRN,2015,1.37039
BRN,2016,2.03629
BRN,2017,2.47783
BRN,2018,2.72247
BRN,2019,2.49215
BRN,2020,2.93366
BRN,2021,3.04717
BTN,2000,5.70257
BTN,2001,5.76235
BTN,2002,5.63214
BTN,2003,5.93237
BTN,2004,5.88079
BTN,2005,5.82788
BTN,2006,5.78661
BTN,2007,5.65076
BTN,2008,5.56103
BTN,2009,5.39225
BTN,2010,5.15422
BTN,2011,5.09801
BTN,2012,5.18101
BTN,2013,5.33471
BTN,2014,5.43903
BTN,2015,5.30101
BTN,2016,5.24362
BTN,2017,5.33831
BTN,2018,5.01739
BTN,2019,4.84207
BTN,2020,5.07683
BTN,2021,4.90384
BWA,2000,12.08191
BWA,2001,11.75553
BWA,2002,12.04675
BWA,2003,11.1562
BWA,2004,9.9265
BWA,2005,9.37772
BWA,2006,9.06527
BWA,2007,11.48459
BWA,2008,15.11223
BWA,2009,16.68243
BWA,2010,16.46464
BWA,2011,15.36643
BWA,2012,15.03075
BWA,2013,14.09657
BWA,2014,12.80985
BWA,2015,11.06238
BWA,2016,11.01005
BWA,2017,10.76394
BWA,2018,9.8158
BWA,2019,8.98617
BWA,2020,8.90835
BWA,2021,8.35228
CAF,2000,12.60821
CAF,2001,12.01677
CAF,2002,12.2038
CAF,2003,11.32143
CAF,2004,11.43077
CAF,2005,10.74745
CAF,2006,11.29942
CAF,2007,11.01706
CAF,2008,10.4394
CAF,2009,10.65996
CAF,2010,10.23942
CAF,2011,11.44522
CAF,2012,9.98758
CAF,2013,10.46069
CAF,2014,11.23381
CAF,2015,10.47412
CAF,2016,10.44016
CAF,2017,11.0735
CAF,2018,10.33212
CAF,2019,9.45452
CAF,2020,9.72903
CAF,2021,9.18932
CAN,2000,12.45292
CAN,2001,12.78265
CAN,2002,12.44839
CAN,2003,13.09065
CAN,2004,12.39094
CAN,2005,12.86833
CAN,2006,11.85839
CAN,2007,12.17983
CAN,2008,12.34484
CAN,2009,12.83161
CAN,2010,12.89314
CAN,2011,12.02242
CAN,2012,12.59646
CAN,2013,12.85595
CAN,2014,13.37575
CAN,2015,13.42697
CAN,2016,11.48604
CAN,2017,11.82108
CAN,2018,12.55595
CAN,2019,12.68958
CAN,2020,11.64402
CAN,2021,9.44161
CHE,2000,20.35451
CHE,2001,19.7061
CHE,2002,21.06964
CHE,2003,18.70046
CHE,2004,18.5527
CHE,2005,18.97447
CHE,2006,18.84826
CHE,2007,19.46768
CHE,2008,18.64478
CHE,2009,15.90666
CHE,2010,14.4912
CHE,2011,14.66158
CHE,2012,14.74814
CHE,2013,15.10083
CHE,2014,14.78048
CHE,2015,15.04932
CHE,2016,14.16106
CHE,2017,14.40023
CHE,2018,14.25457
CHE,2019,14.22617
CHE,2020,13.69128
CHE,2021,14.02486
CHL,2000,10.64218
CHL,2001,10.60289
CHL,2002,9.84325
CHL,2003,9.83697
CHL,2004,10.26033
CHL,2005,9.76216
CHL,2006,10.11738
CHL,2007,11.04426
CHL,2008,12.29636
CHL,2009,12.75519
CHL,2010,11.71632
CHL,2011,11.78649
CHL,2012,10.6187
CHL,2013,9.9488
CHL,2014,10.13178
CHL,2015,10.32085
CHL,2016,10.29992
CHL,2017,10.05989
CHL,2018,9.52065
CHL,2019,9.76857
CHL,2020,8.25715
CHL,2021,7.69217
CHN,2000,15.48632
CHN,2001,15.13916
CHN,2002,14.92854
CHN,2003,15.01799
CHN,2004,15.00788
CHN,2005,14.22575
CHN,2006,13.01763
CHN,2007,12.17913
CHN,2008,11.60985
CHN,2009,11.10194
CHN,2010,10.5835
CHN,2011,9.97236
CHN,2012,9.40869
CHN,2013,9.07104
CHN,2014,8.85845
CHN,2015,8.68894
CHN,2016,8.64643
CHN,2017,8.6151
CHN,2018,8.70276
CHN,2019,8.74995
CHN,2020,8.82397
CHN,2021,8.94544
CIV,2000,5.91792
CIV,2001,5.83787
CIV,2002,5.7075
CIV,2003,5.64901
CIV,2004,5.14748
CIV,2005,5.17689
CIV,2006,5.28979
CIV,2007,5.48377
CIV,2008,5.81245
CIV,2009,6.68005
CIV,2010,7.93357
CIV,2011,8.49556
CIV,2012,8.79113
CIV,2013,8.92128
CIV,2014,8.60057
CIV,2015,8.05554
CIV,2016,7.81853
CIV,2017,7.68194
CIV,2018,7.71251
CIV,2019,7.75285
CIV,2020,7.2953
CIV,2021,7.39131
CMR,2000,7.28897
CMR,2001,7.89021
CMR,2002,7.79093
CMR,2003,7.87401
CMR,2004,7.71486
CMR,2005,7.8678
CMR,2006,7.867
CMR,2007,7.9478
CMR,2008,8.0165
CMR,2009,8.03975
CMR,2010,8.11856
CMR,2011,8.17724
CMR,2012,8.31613
CMR,2013,8.511
CMR,2014,8.6441
CMR,2015,8.4498
CMR,2016,8.34884
CMR,2017,8.19617
CMR,2018,8.1412
CMR,2019,8.22396
CMR,2020,7.90893
CMR,2021,8.49675
COD,2000,7.75583
COD,2001,7.80216
COD,2002,7.8738
COD,2003,8.05852
COD,2004,8.02687
COD,2005,7.99442
COD,2006,7.94341
COD,2007,8.12491
COD,2008,8.21169
COD,2009,8.04038
COD,2010,8.08097
COD,2011,8.0762
COD,2012,8.08455
COD,2013,8.1264
COD,2014,8.1914
COD,2015,8.20353
COD,2016,8.37074
COD,2017,8.60365
COD,2018,8.67577
COD,2019,8.32886
COD,2020,8.15426
COD,2021,8.76967
COG,2000,12.04382
COG,2001,10.6501
COG,2002,9.59354
COG,2003,8.9539
COG,2004,9.18856
COG,2005,8.94982
COG,2006,8.10855
COG,2007,8.13012
COG,2008,7.99058
COG,2009,8.25703
COG,2010,8.02551
COG,2011,7.74188
COG,2012,8.05718
COG,2013,7.62115
COG,2014,7.27611
COG,2015,6.71016
COG,2016,6.57815
COG,2017,6.57299
COG,2018,6.61644
COG,2019,7.05151
COG,2020,6.55757
COG,2021,6.7126
COL,2000,5.1185
COL,2001,5.02459
COL,2002,4.72015
COL,2003,4.63194
COL,2004,4.56627
COL,2005,4.22417
COL,2006,4.24292
COL,2007,4.1761
COL,2008,4.22404
COL,2009,4.09505
COL,2010,3.89283
COL,2011,3.74925
COL,2012,3.81836
COL,2013,3.72119
COL,2014,3.79913
COL,2015,4.1312
COL,2016,4.30647
COL,2017,4.6226
COL,2018,5.03076
COL,2019,5.10852
COL,2020,4.81499
COL,2021,4.96183
COM,2000,6.88526
COM,2001,6.70412
COM,2002,6.50053
COM,2003,6.18856
COM,2004,6.13142
COM,2005,5.88422
COM,2006,5.96602
COM,2007,5.85995
COM,2008,5.98458
COM,2009,5.78481
COM,2010,6.34741
COM,2011,5.99174
COM,2012,6.1397
COM,2013,6.13728
COM,2014,6.41728
COM,2015,6.3745
COM,2016,6.39468
COM,2017,6.27122
COM,2018,6.24889
COM,2019,6.17941
COM,2020,6.20777
COM,2021,5.9983
CPV,2000,12.24005
CPV,2001,12.25566
CPV,2002,12.45635
CPV,2003,12.49133
CPV,2004,12.58231
CPV,2005,13.39105
CPV,2006,13.09577
CPV,2007,13.39163
CPV,2008,13.78902
CPV,2009,14.20845
CPV,2010,14.5957
CPV,2011,14.69084
CPV,2012,14.90113
CPV,2013,15.16346
CPV,2014,15.0981
CPV,2015,15.03121
CPV,2016,14.7188
CPV,2017,14.80315
CPV,2018,14.45384
CPV,2019,14.56408
CPV,2020,13.68752
CPV,2021,14.89953
CRI,2000,5.96664
CRI,2001,4.85734
CRI,2002,6.5299
CRI,2003,7.35533
CRI,2004,7.62569
CRI,2005,6.22886
CRI,2006,7.94791
CRI,2007,5.49687
CRI,2008,5.35632
CRI,2009,5.51308
CRI,2010,6.51661
CRI,2011,6.52225
CRI,2012,6.22302
CRI,2013,6.40485
CRI,2014,5.35708
CRI,2015,6.37212
CRI,2016,6.82578
CRI,2017,5.57746
CRI,2018,7.52575
CRI,2019,7.05556
CRI,2020,6.36211
CRI,2021,8.06209
CUB,2000,17.27067
CUB,2001,15.29657
CUB,2002,14.74646
CUB,2003,13.8135
CUB,2004,13.95721
CUB,2005,12.99461
CUB,2006,12.74371
CUB,2007,12.20633
CUB,2008,12.85188
CUB,2009,13.69175
CUB,2010,14.36125
CUB,2011,14.05083
CUB,2012,13.74272
CUB,2013,13.91141
CUB,2014,13.42389
CUB,2015,14.08077
CUB,2016,13.3864
CUB,2017,14.60222
CUB,2018,14.07864
CUB,2019,13.78525
CUB,2020,14.6127
CUB,2021,13.79297
CYP,2000,1.92492
CYP,2001,1.99216
CYP,2002,2.0621
CYP,2003,2.08412
CYP,2004,0.89168
CYP,2005,2.35992
CYP,2006,3.31114
CYP,2007,3.02343
CYP,2008,5.98115
CYP,2009,4.48803
CYP,2010,5.21246
CYP,2011,4.37319
CYP,2012,5.73526
CYP,2013,6.01158
CYP,2014,5.70003
CYP,2015,4.94825
CYP,2016,5.06436
CYP,2017,4.40648
CYP,2018,5.56308
CYP,2019,4.49963
CYP,2020,3.86485
CYP,2021,3.02316
CZE,2000,16.33129
CZE,2001,16.1834
CZE,2002,15.36888
CZE,2003,17.08558
CZE,2004,16.44484
CZE,2005,15.88425
CZE,2006,14.56391
CZE,2007,14.26369
CZE,2008,14.24037
CZE,2009,15.00882
CZE,2010,15.09947
CZE,2011,16.09259
CZE,2012,16.69981
CZE,2013,15.65171
CZE,2014,14.82154
CZE,2015,13.53684
CZE,2016,13.03289
CZE,2017,13.91021
CZE,2018,13.58777
CZE,2019,12.22676
CZE,2020,12.72753
CZE,2021,13.3261
DEU,2000,14.42063
DEU,2001,14.46762
DEU,2002,14.5597
DEU,2003,14.36668
DEU,2004,13.98991
DEU,2005,13.28291
DEU,2006,12.78166
DEU,2007,12.37956
DEU,2008,12.51751
DEU,2009,12.73967
DEU,2010,13.23492
DEU,2011,13.24051
DEU,2012,12.91978
DEU,2013,13.4792
DEU,2014,13.43862
DEU,2015,13.30158
DEU,2016,12.98511
DEU,2017,12.53278
DEU,2018,12.81935
DEU,2019,12.48549
DEU,2020,12.86718
DEU,2021,12.90286
DJI,2000,5.2827
DJI,2001,5.53074
DJI,2002,5.98745
DJI,2003,6.42788
DJI,2004,6.58411
DJI,2005,6.43302
DJI,2006,6.21098
DJI,2007,6.44785
DJI,2008,5.97821
DJI,2009,6.37678
DJI,2010,6.31128
DJI,2011,6.50062
DJI,2012,6.75974
DJI,2013,6.95293
DJI,2014,7.5928
DJI,2015,7.46982
DJI,2016,7.85839
DJI,2017,8.09011
DJI,2018,8.21103
DJI,2019,8.02438
DJI,2020,7.88643
DJI,2021,7.96391
DNK,2000,15.54266
DNK,2001,15.77997
DNK,2002,14.96765
DNK,2003,13.6841
DNK,2004,14.37172
DNK,2005,14.70183
DNK,2006,14.67629
DNK,2007,12.73878
DNK,2008,13.05614
DNK,2009,12.71011
DNK,2010,11.69273
DNK,2011,12.43442
DNK,2012,12.84222
DNK,2013,12.06392
DNK,2014,11.96759
DNK,2015,11.02614
DNK,2016,10.81534
DNK,2017,11.17538
DNK,2018,11.20116
DNK,2019,11.41673
DNK,2020,10.89756
DNK,2021,10.45853
DOM,2000,4.13842
DOM,2001,3.988
DOM,2002,3.8925
DOM,2003,3.93223
DOM,2004,4.09626
DOM,2005,4.33779
DOM,2006,4.26687
DOM,2007,4.20929
DOM,2008,4.2389
DOM,2009,4.26762
DOM,2010,4.18051
DOM,2011,4.23988
DOM,2012,4.91477
DOM,2013,5.29863
DOM,2014,6.17769
DOM,2015,6.43386
DOM,2016,6.30167
DOM,2017,6.69561
DOM,2018,6.22488
DOM,2019,5.82971
DOM,2020,4.18059
DOM,2021,4.19752
DZA,2000,4.18385
DZA,2001,3.96391
DZA,2002,3.90528
DZA,2003,3.61819
DZA,2004,3.42989
DZA,2005,3.32939
DZA,2006,3.18608
DZA,2007,3.04119
DZA,2008,2.89893
DZA,2009,2.73738
DZA,2010,2.61397
DZA,2011,2.54403
DZA,2012,2.36058
DZA,2013,2.30824
DZA,2014,2.25687
DZA,2015,2.16641
DZA,2016,2.05819
DZA,2017,2.04169
DZA,2018,2.0651
DZA,2019,2.04704
DZA,2020,1.7078
DZA,2021,2.18144
ECU,2000,5.55363
ECU,2001,5.68612
ECU,2002,5.44818
ECU,2003,6.17132
ECU,2004,6.93972
ECU,2005,8.34281
ECU,2006,7.75214
ECU,2007,8.4769
ECU,2008,8.21725
ECU,2009,8.51268
ECU,2010,7.98604
ECU,2011,8.2468
ECU,2012,8.17757
ECU,2013,5.86651
ECU,2014,6.59375
ECU,2015,8.38176
ECU,2016,8.8261
ECU,2017,8.94836
ECU,2018,8.47194
ECU,2019,8.52041
ECU,2020,7.59058
ECU,2021,7.55903
EGY,2000,0.9123
EGY,2001,0.94194
EGY,2002,0.95667
EGY,2003,0.94514
EGY,2004,0.94703
EGY,2005,0.93826
EGY,2006,0.92167
EGY,2007,0.90092
EGY,2008,0.90497
EGY,2009,0.91633
EGY,2010,0.93253
EGY,2011,0.98708
EGY,2012,1.04281
EGY,2013,1.03928
EGY,2014,0.97721
EGY,2015,0.96905
EGY,2016,0.94387
EGY,2017,0.8905
EGY,2018,0.8878
EGY,2019,0.90855
EGY,2020,0.78511
EGY,2021,0.62968
EMR,2000,4.71018
EMR,2001,4.66632
EMR,2002,4.6535
EMR,2003,4.494
EMR,2004,4.53013
EMR,2005,4.49054
EMR,2006,4.4066
EMR,2007,4.40977
EMR,2008,4.39398
EMR,2009,4.3407
EMR,2010,4.1497
EMR,2011,4.09631
EMR,2012,4.07839
EMR,2013,3.90623
EMR,2014,4.07346
EMR,2015,4.04269
EMR,2016,4.03189
EMR,2017,4.00252
EMR,2018,3.93618
EMR,2019,3.85842
EMR,2020,3.43219
EMR,2021,3.5666
ERI,2000,14.25839
ERI,2001,13.53204
ERI,2002,13.60187
ERI,2003,12.78038
ERI,2004,12.95307
ERI,2005,13.05618
ERI,2006,13.11047
ERI,2007,12.99917
ERI,2008,13.1801
ERI,2009,13.65288
ERI,2010,13.53885
ERI,2011,13.35941
ERI,2012,13.14359
ERI,2013,13.3606
ERI,2014,13.06611
ERI,2015,13.03929
ERI,2016,12.92557
ERI,2017,13.05044
ERI,2018,13.17851
ERI,2019,13.00138
ERI,2020,12.87004
ERI,2021,13.22532
ESP,2000,8.55059
ESP,2001,8.01921
ESP,2002,8.32951
ESP,2003,8.47114
ESP,2004,8.46393
ESP,2005,8.01394
ESP,2006,7.51773
ESP,2007,7.38466
ESP,2008,7.78349
ESP,2009,7.64115
ESP,2010,7.01394
ESP,2011,7.10121
ESP,2012,7.74195
ESP,2013,8.50057
ESP,2014,8.59512
ESP,2015,7.9663
ESP,2016,7.90032
ESP,2017,8.11662
ESP,2018,7.79132
ESP,2019,8.09842
ESP,2020,8.62427
ESP,2021,8.71558
EST,2000,29.27199
EST,2001,30.18285
EST,2002,28.20872
EST,2003,26.5525
EST,2004,25.5467
EST,2005,22.54202
EST,2006,20.88112
EST,2007,21.57974
EST,2008,19.64838
EST,2009,22.09618
EST,2010,18.28701
EST,2011,17.58982
EST,2012,19.44204
EST,2013,18.14727
EST,2014,19.22522
EST,2015,15.72634
EST,2016,15.04698
EST,2017,17.88733
EST,2018,15.7828
EST,2019,15.61
EST,2020,17.53942
EST,2021,14.9382
ETH,2000,7.25995
ETH,2001,7.11921
ETH,2002,6.88513
ETH,2003,6.67325
ETH,2004,6.46498
ETH,2005,6.22979
ETH,2006,6.03425
ETH,2007,5.90089
ETH,2008,5.79379
ETH,2009,5.66867
ETH,2010,5.56935
ETH,2011,5.5353
ETH,2012,5.43828
ETH,2013,5.07589
ETH,2014,4.99789
ETH,2015,5.20544
ETH,2016,5.32901
ETH,2017,5.36654
ETH,2018,5.55282
ETH,2019,5.67306
ETH,2020,5.67605
ETH,2021,6.06812
EUR,2000,21.46464
EUR,2001,20.81986
EUR,2002,20.62802
EUR,2003,20.15372
EUR,2004,19.57668
EUR,2005,19.01628
EUR,2006,17.93118
EUR,2007,17.25205
EUR,2008,17.16439
EUR,2009,16.85644
EUR,2010,16.44515
EUR,2011,16.13717
EUR,2012,15.9336
EUR,2013,15.73383
EUR,2014,15.45422
EUR,2015,14.81109
EUR,2016,14.18361
EUR,2017,13.61051
EUR,2018,13.52564
EUR,2019,13.14789
EUR,2020,12.454
EUR,2021,12.42682
FIN,2000,24.13205
FIN,2001,24.30542
FIN,2002,22.16437
FIN,2003,21.85381
FIN,2004,21.31424
FIN,2005,19.95885
FIN,2006,21.1038
FIN,2007,19.67572
FIN,2008,20.55969
FIN,2009,20.32926
FIN,2010,18.62935
FIN,2011,17.73648
FIN,2012,16.85444
FIN,2013,17.20118
FIN,2014,15.52453
FIN,2015,14.08667
FIN,2016,15.28915
FIN,2017,15.7142
FIN,2018,15.67292
FIN,2019,14.37568
FIN,2020,14.13805
FIN,2021,14.57026
FJI,2000,10.4718
FJI,2001,10.15221
FJI,2002,9.93481
FJI,2003,9.6317
FJI,2004,9.21966
FJI,2005,9.49302
FJI,2006,9.14473
FJI,2007,9.28304
FJI,2008,9.43765
FJI,2009,9.67186
FJI,2010,9.69125
FJI,2011,9.83894
FJI,2012,9.97176
FJI,2013,10.0161
FJI,2014,9.73382
FJI,2015,9.40249
FJI,2016,9.36657
FJI,2017,9.62857
FJI,2018,9.55056
FJI,2019,9.44895
FJI,2020,9.41553
FJI,2021,8.26638
FRA,2000,20.31598
FRA,2001,19.57477
FRA,2002,19.89597
FRA,2003,20.17817
FRA,2004,19.53027
FRA,2005,19.17332
FRA,2006,18.45781
FRA,2007,18.03096
FRA,2008,18.26131
FRA,2009,18.42889
FRA,2010,18.22902
FRA,2011,18.04467
FRA,2012,17.13303
FRA,2013,16.98259
FRA,2014,15.66243
FRA,2015,15.57142
FRA,2016,14.62787
FRA,2017,14.77871
FRA,2018,15.17084
FRA,2019,15.04709
FRA,2020,16.25226
FRA,2021,16.58226
FSM,2000,21.46408
FSM,2001,21.24975
FSM,2002,20.80843
FSM,2003,20.68179
FSM,2004,21.89443
FSM,2005,22.51853
FSM,2006,22.30576
FSM,2007,21.96402
FSM,2008,21.94841
FSM,2009,21.86309
FSM,2010,21.83946
FSM,2011,22.26473
FSM,2012,22.31812
FSM,2013,21.99852
FSM,2014,20.04666
FSM,2015,20.40291
FSM,2016,20.29236
FSM,2017,20.38948
FSM,2018,20.45729
FSM,2019,20.52312
FSM,2020,19.12179
FSM,2021,19.76217
GAB,2000,9.2709
GAB,2001,8.85306
GAB,2002,8.46702
GAB,2003,8.36248
GAB,2004,8.15643
GAB,2005,9.03606
GAB,2006,9.20004
GAB,2007,8.64142
GAB,2008,8.75282
GAB,2009,9.1818
GAB,2010,9.12335
GAB,2011,9.18342
GAB,2012,8.88221
GAB,2013,8.8181
GAB,2014,9.84697
GAB,2015,9.69019
GAB,2016,9.4206
GAB,2017,9.27929
GAB,2018,9.25182
GAB,2019,8.85584
GAB,2020,7.42438
GAB,2021,7.29744
GBR,2000,8.50554
GBR,2001,8.23348
GBR,2002,8.2725
GBR,2003,7.98613
GBR,2004,8.20447
GBR,2005,7.89911
GBR,2006,7.82666
GBR,2007,7.54235
GBR,2008,8.04813
GBR,2009,7.94318
GBR,2010,7.79764
GBR,2011,8.33251
GBR,2012,8.26811
GBR,2013,8.73821
GBR,2014,8.45223
GBR,2015,8.6211
GBR,2016,8.25014
GBR,2017,7.97743
GBR,2018,9.15679
GBR,2019,9.39161
GBR,2020,8.90109
GBR,2021,9.54807
GEO,2000,3.03096
GEO,2001,2.49115
GEO,2002,3.5286
GEO,2003,2.85111
GEO,2004,4.77241
GEO,2005,2.1577
GEO,2006,1.77706
GEO,2007,2.5641
GEO,2008,3.48635
GEO,2009,4.88562
GEO,2010,3.21217
GEO,2011,2.59294
GEO,2012,2.68288
GEO,2013,4.04231
GEO,2014,5.45763
GEO,2015,5.57732
GEO,2016,4.55327
GEO,2017,4.349
GEO,2018,6.99743
GEO,2019,7.33209
GEO,2020,5.7398
GEO,2021,5.09907
GHA,2000,3.40864
GHA,2001,3.65752
GHA,2002,3.87809
GHA,2003,4.13882
GHA,2004,4.38076
GHA,2005,4.46527
GHA,2006,4.54906
GHA,2007,4.48774
GHA,2008,4.80323
GHA,2009,5.14943
GHA,2010,5.19652
GHA,2011,5.36389
GHA,2012,5.37225
GHA,2013,5.43474
GHA,2014,5.45957
GHA,2015,5.48241
GHA,2016,5.48078
GHA,2017,5.5282
GHA,2018,5.34212
GHA,2019,5.28584
GHA,2020,5.07626
GHA,2021,5.31674
GIN,2000,4.15065
GIN,2001,4.2402
GIN,2002,4.4245
GIN,2003,4.49533
GIN,2004,4.54754
GIN,2005,4.45833
GIN,2006,4.66118
GIN,2007,4.77808
GIN,2008,4.83999
GIN,2009,4.87487
GIN,2010,5.15134
GIN,2011,5.09544
GIN,2012,5.11379
GIN,2013,5.11499
GIN,2014,5.09051
GIN,2015,5.03897
GIN,2016,4.96412
GIN,2017,4.99781
GIN,2018,4.97705
GIN,2019,5.01974
GIN,2020,5.0269
GIN,2021,4.81861
GMB,2000,4.65647
GMB,2001,4.72232
GMB,2002,4.93097
GMB,2003,5.00039
GMB,2004,5.00012
GMB,2005,4.85004
GMB,2006,4.65589
GMB,2007,4.63742
GMB,2008,4.69011
GMB,2009,4.67535
GMB,2010,4.50707
GMB,2011,4.76419
GMB,2012,4.83096
GMB,2013,4.84553
GMB,2014,4.86774
GMB,2015,4.90057
GMB,2016,4.88378
GMB,2017,4.91429
GMB,2018,4.90718
GMB,2019,5.01773
GMB,2020,4.888
GMB,2021,4.81185
GNB,2000,8.25013
GNB,2001,8.1913
GNB,2002,7.76514
GNB,2003,7.32662
GNB,2004,7.5073
GNB,2005,7.38542
GNB,2006,7.35256
GNB,2007,7.26766
GNB,2008,7.30077
GNB,2009,7.26995
GNB,2010,7.20604
GNB,2011,7.16803
GNB,2012,7.01653
GNB,2013,7.03011
GNB,2014,7.11114
GNB,2015,7.15146
GNB,2016,7.15256
GNB,2017,7.17573
GNB,2018,7.09957
GNB,2019,7.37828
GNB,2020,7.75487
GNB,2021,7.66672
GNQ,2000,9.50653
GNQ,2001,8.42566
GNQ,2002,7.79946
GNQ,2003,7.73325
GNQ,2004,7.30724
GNQ,2005,7.11833
GNQ,2006,6.69104
GNQ,2007,6.40294
GNQ,2008,6.6496
GNQ,2009,6.66982
GNQ,2010,6.68472
GNQ,2011,6.85549
GNQ,2012,6.76247
GNQ,2013,6.2021
GNQ,2014,6.13239
GNQ,2015,6.54682
GNQ,2016,7.08937
GNQ,2017,7.23484
GNQ,2018,7.5904
GNQ,2019,7.71436
GNQ,2020,7.40743
GNQ,2021,7.03379
GRC,2000,3.39333
GRC,2001,2.95487
GRC,2002,2.85711
GRC,2003,3.2972
GRC,2004,3.1012
GRC,2005,3.51439
GRC,2006,3.47555
GRC,2007,2.91315
GRC,2008,3.30634
GRC,2009,3.48544
GRC,2010,3.39642
GRC,2011,4.30582
GRC,2012,4.6951
GRC,2013,4.92821
GRC,2014,5.29706
GRC,2015,4.93624
GRC,2016,4.5958
GRC,2017,4.9974
GRC,2018,5.39442
GRC,2019,5.0763
GRC,2020,4.42128
GRC,2021,4.68187
GRD,2000,2.16832
GRD,2001,0.34306
GRD,2002,3.71817
GRD,2003,2.84946
GRD,2004,5.6155
GRD,2005,4.07475
GRD,2006,6.34072
GRD,2007,2.21173
GRD,2008,3.40525
GRD,2009,1.43721
GRD,2010,1.53784
GRD,2011,1.73632
GRD,2012,1.87399
GRD,2013,1.37703
GRD,2014,0.5953
GRD,2015,0.64032
GRD,2016,0.85185
GRD,2017,0.46767
GRD,2018,0.08482
GRD,2019,1.01043
GRD,2020,1.07611
GRD,2021,1.29933
GTM,2000,9.31754
GTM,2001,9.82424
GTM,2002,9.43203
GTM,2003,9.52819
GTM,2004,9.59026
GTM,2005,9.024
GTM,2006,8.76577
GTM,2007,6.67842
GTM,2008,6.63717
GTM,2009,6.25131
GTM,2010,5.72732
GTM,2011,4.80351
GTM,2012,4.59779
GTM,2013,4.92547
GTM,2014,5.09492
GTM,2015,5.45676
GTM,2016,5.55241
GTM,2017,5.92351
GTM,2018,5.6133
GTM,2019,5.88081
GTM,2020,5.07649
GTM,2021,4.93708
GUY,2000,26.73652
GUY,2001,29.74205
GUY,2002,29.03842
GUY,2003,28.77535
GUY,2004,27.42772
GUY,2005,26.71512
GUY,2006,26.93126
GUY,2007,26.87388
GUY,2008,26.29669
GUY,2009,28.46454
GUY,2010,28.76764
GUY,2011,29.10793
GUY,2012,30.78425
GUY,2013,33.31514
GUY,2014,33.63714
GUY,2015,33.24269
GUY,2016,34.25037
GUY,2017,32.0139
GUY,2018,29.04904
GUY,2019,27.63678
GUY,2020,29.53009
GUY,2021,24.7829
HND,2000,3.30932
HND,2001,3.33127
HND,2002,3.36437
HND,2003,3.41431
HND,2004,3.33727
HND,2005,3.36501
HND,2006,3.28957
HND,2007,3.29051
HND,2008,3.15781
HND,2009,3.07002
HND,2010,3.02535
HND,2011,2.91401
HND,2012,5.41184
HND,2013,5.32902
HND,2014,5.63647
HND,2015,6.50331
HND,2016,2.93374
HND,2017,3.00207
HND,2018,3.02048
HND,2019,3.05047
HND,2020,2.92278
HND,2021,2.97347
HRV,2000,20.48619
HRV,2001,19.56753
HRV,2002,19.3732
HRV,2003,19.64328
HRV,2004,19.94916
HRV,2005,20.02136
HRV,2006,18.21881
HRV,2007,17.74121
HRV,2008,18.17778
HRV,2009,18.13606
HRV,2010,18.03196
HRV,2011,16.31171
HRV,2012,18.25789
HRV,2013,16.33877
HRV,2014,17.03359
HRV,2015,17.36524
HRV,2016,16.18941
HRV,2017,15.48488
HRV,2018,16.76124
HRV,2019,14.90735
HRV,2020,14.66505
HRV,2021,15.68231
HTI,2000,8.29851
HTI,2001,8.05067
HTI,2002,8.09059
HTI,2003,8.07797
HTI,2004,7.81945
HTI,2005,7.88518
HTI,2006,7.74374
HTI,2007,7.82857
HTI,2008,7.77522
HTI,2009,7.91632
HTI,2010,7.88018
HTI,2011,7.83591
HTI,2012,8.0995
HTI,2013,8.15118
HTI,2014,8.08037
HTI,2015,8.12927
HTI,2016,7.87751
HTI,2017,8.03652
HTI,2018,8.44156
HTI,2019,8.59588
HTI,2020,7.8924
HTI,2021,7.81419
HUN,2000,33.25955
HUN,2001,29.70375
HUN,2002,28.52005
HUN,2003,27.99245
HUN,2004,27.45538
HUN,2005,26.35011
HUN,2006,24.92857
HUN,2007,24.94953
HUN,2008,25.34425
HUN,2009,25.29546
HUN,2010,25.55878
HUN,2011,25.23176
HUN,2012,25.03962
HUN,2013,22.29974
HUN,2014,20.59593
HUN,2015,20.00866
HUN,2016,18.81508
HUN,2017,17.41688
HUN,2018,17.75372
HUN,2019,16.65305
HUN,2020,18.2193
HUN,2021,16.45273
IDN,2000,2.15073
IDN,2001,2.15688
IDN,2002,2.13892
IDN,2003,2.09256
IDN,2004,2.03343
IDN,2005,1.99752
IDN,2006,1.95872
IDN,2007,1.93755
IDN,2008,1.90274
IDN,2009,1.85721
IDN,2010,1.81948
IDN,2011,1.76444
IDN,2012,1.73812
IDN,2013,1.67092
IDN,2014,1.62009
IDN,2015,1.60126
IDN,2016,1.59463
IDN,2017,1.5864
IDN,2018,1.58481
IDN,2019,1.59538
IDN,2020,1.38052
IDN,2021,1.20441
IND,2000,15.92825
IND,2001,15.09715
IND,2002,15.13863
IND,2003,15.02607
IND,2004,15.40209
IND,2005,15.67832
IND,2006,15.85648
IND,2007,15.85695
IND,2008,15.796
IND,2009,15.68411
IND,2010,15.90145
IND,2011,15.8515
IND,2012,15.88392
IND,2013,15.68177
IND,2014,15.12361
IND,2015,14.63077
IND,2016,14.62498
IND,2017,14.86996
IND,2018,14.31066
IND,2019,13.97581
IND,2020,13.01168
IND,2021,12.55596
IRL,2000,12.44777
IRL,2001,12.91592
IRL,2002,11.97068
IRL,2003,11.96402
IRL,2004,11.63941
IRL,2005,11.88746
IRL,2006,11.11525
IRL,2007,11.37269
IRL,2008,12.14848
IRL,2009,14.03496
IRL,2010,12.08278
IRL,2011,12.71167
IRL,2012,12.37385
IRL,2013,11.11957
IRL,2014,10.88164
IRL,2015,9.43213
IRL,2016,9.63231
IRL,2017,8.47365
IRL,2018,9.28607
IRL,2019,8.06805
IRL,2020,8.61922
IRL,2021,8.54697
IRN,2000,6.03132
IRN,2001,5.87381
IRN,2002,5.68971
IRN,2003,5.09924
IRN,2004,5.20131
IRN,2005,4.91784
IRN,2006,4.82758
IRN,2007,5.4107
IRN,2008,5.27992
IRN,2009,5.09509
IRN,2010,4.95862
IRN,2011,4.84257
IRN,2012,4.51781
IRN,2013,4.68493
IRN,2014,4.92606
IRN,2015,4.66372
IRN,2016,4.72463
IRN,2017,4.49977
IRN,2018,4.32845
IRN,2019,4.26941
IRN,2020,3.39861
IRN,2021,4.07296
IRQ,2000,4.1287
IRQ,2001,4.0571
IRQ,2002,3.99225
IRQ,2003,3.87104
IRQ,2004,3.85979
IRQ,2005,3.75662
IRQ,2006,3.6321
IRQ,2007,3.56408
IRQ,2008,3.57634
IRQ,2009,3.59247
IRQ,2010,3.5685
IRQ,2011,3.58092
IRQ,2012,3.51282
IRQ,2013,3.47893
IRQ,2014,3.26378
IRQ,2015,3.33941
IRQ,2016,3.30774
IRQ,2017,3.31044
IRQ,2018,3.27872
IRQ,2019,3.24821
IRQ,2020,2.85882
IRQ,2021,2.97457
ISL,2000,13.3022
ISL,2001,12.81535
ISL,2002,12.15693
ISL,2003,12.45397
ISL,2004,12.49465
ISL,2005,11.74926
ISL,2006,12.73474
ISL,2007,15.46237
ISL,2008,15.79153
ISL,2009,14.54155
ISL,2010,12.93827
ISL,2011,11.53047
ISL,2012,13.51987
ISL,2013,13.88397
ISL,2014,15.54124
ISL,2015,13.97098
ISL,2016,11.80661
ISL,2017,10.94813
ISL,2018,9.35885
ISL,2019,11.97822
ISL,2020,12.93643
ISL,2021,11.90903
ISR,2000,6.83097
ISR,2001,6.44898
ISR,2002,5.70146
ISR,2003,6.38388
ISR,2004,6.05875
ISR,2005,6.93011
ISR,2006,5.57961
ISR,2007,5.26767
ISR,2008,5.28849
ISR,2009,5.97566
ISR,2010,6.71163
ISR,2011,5.62561
ISR,2012,6.02593
ISR,2013,5.0944
ISR,2014,4.97681
ISR,2015,4.50715
ISR,2016,5.13065
ISR,2017,5.07023
ISR,2018,5.35702
ISR,2019,5.02806
ISR,2020,5.07892
ISR,2021,4.36692
ITA,2000,7.67099
ITA,2001,7.49081
ITA,2002,7.56616
ITA,2003,7.45377
ITA,2004,7.21857
ITA,2005,6.76471
ITA,2006,6.77013
ITA,2007,6.7484
ITA,2008,6.99131
ITA,2009,7.09689
ITA,2010,6.99936
ITA,2011,7.46356
ITA,2012,7.6461
ITA,2013,7.60343
ITA,2014,7.30192
ITA,2015,7.19882
ITA,2016,6.61627
ITA,2017,7.05931
ITA,2018,6.8916
ITA,2019,6.77386
ITA,2020,6.77354
ITA,2021,6.99128
JAM,2000,1.03848
JAM,2001,1.04382
JAM,2002,0.97136
JAM,2003,0.87941
JAM,2004,0.79307
JAM,2005,1.52516
JAM,2006,0.74105
JAM,2007,2.67385
JAM,2008,2.64725
JAM,2009,1.71429
JAM,2010,1.00952
JAM,2011,1.50751
JAM,2012,1.03973
JAM,2013,1.03996
JAM,2014,1.04036
JAM,2015,1.62994
JAM,2016,1.60517
JAM,2017,1.68279
JAM,2018,1.64708
JAM,2019,1.68756
JAM,2020,1.5558
JAM,2021,1.69309
JOR,2000,2.19692
JOR,2001,2.07182
JOR,2002,2.00886
JOR,2003,1.90306
JOR,2004,1.87994
JOR,2005,1.69817
JOR,2006,1.43626
JOR,2007,1.19562
JOR,2008,1.15632
JOR,2009,1.0531
JOR,2010,0.98157
JOR,2011,0.88333
JOR,2012,0.86937
JOR,2013,0.83907
JOR,2014,0.82786
JOR,2015,0.8008
JOR,2016,0.82302
JOR,2017,0.789
JOR,2018,0.76084
JOR,2019,0.76609
JOR,2020,0.66113
JOR,2021,0.60397
JPN,2000,24.11656
JPN,2001,23.40088
JPN,2002,24.05374
JPN,2003,25.80502
JPN,2004,24.31267
JPN,2005,24.55621
JPN,2006,24.09354
JPN,2007,25.18944
JPN,2008,24.61537
JPN,2009,25.12402
JPN,2010,24.30885
JPN,2011,23.51967
JPN,2012,21.8026
JPN,2013,21.54294
JPN,2014,20.23438
JPN,2015,19.30353
JPN,2016,17.67081
JPN,2017,17.18637
JPN,2018,16.87458
JPN,2019,16.46701
JPN,2020,17.15891
JPN,2021,17.43069
KAZ,2000,33.38664
KAZ,2001,33.80271
KAZ,2002,33.10754
KAZ,2003,34.81899
KAZ,2004,37.15552
KAZ,2005,36.01421
KAZ,2006,34.7599
KAZ,2007,34.78676
KAZ,2008,32.25034
KAZ,2009,28.79662
KAZ,2010,28.05307
KAZ,2011,26.57325
KAZ,2012,25.34302
KAZ,2013,24.64273
KAZ,2014,22.3735
KAZ,2015,21.597
KAZ,2016,19.94293
KAZ,2017,18.87167
KAZ,2018,18.55992
KAZ,2019,18.79648
KAZ,2020,16.98852
KAZ,2021,14.5977
KEN,2000,4.54403
KEN,2001,4.46448
KEN,2002,4.74532
KEN,2003,4.64424
KEN,2004,4.73375
KEN,2005,4.87323
KEN,2006,5.01128
KEN,2007,5.3267
KEN,2008,5.47977
KEN,2009,5.63032
KEN,2010,5.88479
KEN,2011,5.67291
KEN,2012,5.24311
KEN,2013,5.18634
KEN,2014,4.70949
KEN,2015,5.05755
KEN,2016,4.97695
KEN,2017,5.68998
KEN,2018,6.52881
KEN,2019,6.45365
KEN,2020,5.59437
KEN,2021,4.58158
KGZ,2000,13.44558
KGZ,2001,13.03667
KGZ,2002,13.31831
KGZ,2003,12.71773
KGZ,2004,12.3214
KGZ,2005,12.46127
KGZ,2006,12.17201
KGZ,2007,11.92012
KGZ,2008,11.57743
KGZ,2009,11.41565
KGZ,2010,11.32188
KGZ,2011,11.4672
KGZ,2012,11.23081
KGZ,2013,10.44516
KGZ,2014,10.11166
KGZ,2015,10.02129
KGZ,2016,9.04868
KGZ,2017,9.07566
KGZ,2018,8.82454
KGZ,2019,8.59989
KGZ,2020,6.93339
KGZ,2021,6.80154
KHM,2000,4.08647
KHM,2001,4.19611
KHM,2002,3.90372
KHM,2003,3.98017
KHM,2004,4.13978
KHM,2005,4.29602
KHM,2006,4.36865
KHM,2007,4.54371
KHM,2008,4.54641
KHM,2009,4.49409
KHM,2010,4.55577
KHM,2011,4.47787
KHM,2012,4.55109
KHM,2013,4.47434
KHM,2014,4.43712
KHM,2015,4.44556
KHM,2016,4.45115
KHM,2017,4.44295
KHM,2018,4.44374
KHM,2019,4.46227
KHM,2020,4.33209
KHM,2021,4.49979
KIR,2000,19.07996
KIR,2001,18.97331
KIR,2002,18.85192
KIR,2003,18.22001
KIR,2004,18.29708
KIR,2005,19.30058
KIR,2006,18.56333
KIR,2007,20.04052
KIR,2008,20.67286
KIR,2009,20.41029
KIR,2010,20.35242
KIR,2011,20.96387
KIR,2012,20.4666
KIR,2013,20.97559
KIR,2014,20.41069
KIR,2015,20.26919
KIR,2016,20.71162
KIR,2017,19.63335
KIR,2018,19.12485
KIR,2019,19.80322
KIR,2020,18.60214
KIR,2021,17.46706
KOR,2000,15.06061
KOR,2001,16.13849
KOR,2002,19.55961
KOR,2003,24.89728
KOR,2004,26.20925
KOR,2005,27.5784
KOR,2006,24.45415
KOR,2007,27.55385
KOR,2008,29.28994
KOR,2009,35.11739
KOR,2010,34.91559
KOR,2011,35.49158
KOR,2012,31.01331
KOR,2013,31.2071
KOR,2014,29.35107
KOR,2015,28.22538
KOR,2016,27.05891
KOR,2017,25.60603
KOR,2018,28.28214
KOR,2019,28.44276
KOR,2020,27.15565
KOR,2021,27.5297
KWT,2000,3.18976
KWT,2001,3.73381
KWT,2002,4.52096
KWT,2003,4.0115
KWT,2004,3.79749
KWT,2005,3.40938
KWT,2006,2.77227
KWT,2007,1.51671
KWT,2008,1.56862
KWT,2009,1.44382
KWT,2010,1.34186
KWT,2011,1.12794
KWT,2012,1.32096
KWT,2013,1.35431
KWT,2014,1.44191
KWT,2015,1.91362
KWT,2016,1.84543
KWT,2017,1.89997
KWT,2018,1.81291
KWT,2019,1.89963
KWT,2020,2.19277
KWT,2021,2.30511
LAO,2000,5.70002
LAO,2001,5.66562
LAO,2002,5.42914
LAO,2003,5.09066
LAO,2004,4.98093
LAO,2005,5.21331
LAO,2006,5.09114
LAO,2007,4.84629
LAO,2008,5.14924
LAO,2009,4.99949
LAO,2010,4.95592
LAO,2011,4.87394
LAO,2012,4.80878
LAO,2013,4.74933
LAO,2014,4.77934
LAO,2015,4.68867
LAO,2016,4.63148
LAO,2017,4.5775
LAO,2018,4.57256
LAO,2019,4.55274
LAO,2020,3.96366
LAO,2021,4.57814
LBN,2000,0.94389
LBN,2001,0.91104
LBN,2002,0.88597
LBN,2003,0.87477
LBN,2004,0.86348
LBN,2005,0.86506
LBN,2006,0.86011
LBN,2007,0.8509
LBN,2008,0.84901
LBN,2009,0.84198
LBN,2010,0.83513
LBN,2011,0.84316
LBN,2012,0.84812
LBN,2013,0.85214
LBN,2014,0.83294
LBN,2015,0.81188
LBN,2016,0.75896
LBN,2017,0.74275
LBN,2018,0.69677
LBN,2019,0.69501
LBN,2020,0.79036
LBN,2021,0.70191
LBR,2000,5.10193
LBR,2001,4.98547
LBR,2002,5.21139
LBR,2003,4.87203
LBR,2004,5.22903
LBR,2005,4.9542
LBR,2006,5.07396
LBR,2007,5.07413
LBR,2008,5.18836
LBR,2009,5.48844
LBR,2010,5.79656
LBR,2011,6.13353
LBR,2012,6.02234
LBR,2013,5.87555
LBR,2014,5.75231
LBR,2015,5.79848
LBR,2016,5.82739
LBR,2017,5.95319
LBR,2018,5.87288
LBR,2019,5.87271
LBR,2020,5.88944
LBR,2021,5.96626
LBY,2000,4.63144
LBY,2001,5.27797
LBY,2002,4.82143
LBY,2003,4.91389
LBY,2004,4.46868
LBY,2005,4.27791
LBY,2006,3.63584
LBY,2007,4.13919
LBY,2008,4.65787
LBY,2009,5.13278
LBY,2010,5.22098
LBY,2011,6.55494
LBY,2012,4.36312
LBY,2013,3.83447
LBY,2014,5.74654
LBY,2015,5.91996
LBY,2016,5.61871
LBY,2017,6.28815
LBY,2018,6.4872
LBY,2019,5.94651
LBY,2020,4.96354
LBY,2021,5.0049
LCA,2000,7.28107
LCA,2001,7.31416
LCA,2002,6.76336
LCA,2003,7.10064
LCA,2004,6.61529
LCA,2005,6.68321
LCA,2006,6.88706
LCA,2007,6.46219
LCA,2008,6.50933
LCA,2009,6.67189
LCA,2010,7.55759
LCA,2011,6.86995
LCA,2012,8.19965
LCA,2013,7.3899
LCA,2014,7.44044
LCA,2015,7.71562
LCA,2016,7.44038
LCA,2017,7.10668
LCA,2018,6.93358
LCA,2019,7.22977
LCA,2020,7.33712
LCA,2021,5.26623
LKA,2000,38.89828
LKA,2001,33.75726
LKA,2002,29.9527
LKA,2003,28.1905
LKA,2004,25.17738
LKA,2005,25.40251
LKA,2006,24.14022
LKA,2007,22.03011
LKA,2008,21.22991
LKA,2009,18.99176
LKA,2010,17.33741
LKA,2011,18.15215
LKA,2012,17.08322
LKA,2013,16.00481
LKA,2014,15.02821
LKA,2015,14.79542
LKA,2016,15.10393
LKA,2017,15.19743
LKA,2018,15.4559
LKA,2019,15.94353
LKA,2020,12.4353
LKA,2021,14.74318
LSO,2000,12.67766
LSO,2001,11.43311
LSO,2002,12.62254
LSO,2003,14.76835
LSO,2004,15.533
LSO,2005,17.15904
LSO,2006,19.01457
LSO,2007,21.38585
LSO,2008,16.41876
LSO,2009,15.8151
LSO,2010,25.99457
LSO,2011,27.34052
LSO,2012,21.71384
LSO,2013,24.13548
LSO,2014,27.95616
LSO,2015,27.87277
LSO,2016,26.72669
LSO,2017,26.06679
LSO,2018,27.88441
LSO,2019,28.76971
LSO,2020,33.37877
LSO,2021,28.66132
LTU,2000,50.40488
LTU,2001,47.386
LTU,2002,47.57504
LTU,2003,45.7027
LTU,2004,43.82399
LTU,2005,43.2113
LTU,2006,35.40331
LTU,2007,34.50852
LTU,2008,38.15835
LTU,2009,39.25703
LTU,2010,37.47441
LTU,2011,38.31856
LTU,2012,35.08015
LTU,2013,40.76936
LTU,2014,35.50723
LTU,2015,34.49336
LTU,2016,32.33963
LTU,2017,29.52678
LTU,2018,27.40435
LTU,2019,26.32802
LTU,2020,24.51666
LTU,2021,22.12234
LUX,2000,15.0642
LUX,2001,15.77208
LUX,2002,15.14166
LUX,2003,15.05935
LUX,2004,11.56676
LUX,2005,12.86431
LUX,2006,14.13839
LUX,2007,13.45985
LUX,2008,13.02526
LUX,2009,11.02429
LUX,2010,11.68707
LUX,2011,11.99006
LUX,2012,11.29294
LUX,2013,11.27582
LUX,2014,12.57068
LUX,2015,12.34262
LUX,2016,10.22213
LUX,2017,9.955
LUX,2018,10.07447
LUX,2019,11.15993
LUX,2020,9.68683
LUX,2021,8.22451
LVA,2000,34.82475
LVA,2001,32.29328
LVA,2002,31.60169
LVA,2003,29.36922
LVA,2004,26.96057
LVA,2005,26.72268
LVA,2006,23.2163
LVA,2007,20.95137
LVA,2008,26.53947
LVA,2009,26.42033
LVA,2010,22.72206
LVA,2011,22.77686
LVA,2012,23.62347
LVA,2013,20.75467
LVA,2014,20.91631
LVA,2015,21.67794
LVA,2016,21.04376
LVA,2017,21.03604
LVA,2018,18.05919
LVA,2019,17.16161
LVA,2020,18.00622
LVA,2021,15.20641
MAR,2000,4.51196
MAR,2001,4.32454
MAR,2002,4.27914
MAR,2003,4.46339
MAR,2004,4.3466
MAR,2005,4.3886
MAR,2006,4.25095
MAR,2007,3.94132
MAR,2008,3.95662
MAR,2009,4.05889
MAR,2010,3.99806
MAR,2011,3.96639
MAR,2012,3.88718
MAR,2013,3.80357
MAR,2014,3.68292
MAR,2015,3.56739
MAR,2016,3.46054
MAR,2017,3.31578
MAR,2018,3.24597
MAR,2019,3.2159
MAR,2020,2.90119
MAR,2021,2.91303
MDA,2000,19.1606
MDA,2001,21.15954
MDA,2002,19.84562
MDA,2003,20.86923
MDA,2004,20.53984
MDA,2005,21.73711
MDA,2006,21.81001
MDA,2007,19.15313
MDA,2008,20.93022
MDA,2009,21.25054
MDA,2010,21.8059
MDA,2011,15.49002
MDA,2012,16.70908
MDA,2013,15.99261
MDA,2014,16.17504
MDA,2015,14.8717
MDA,2016,14.76423
MDA,2017,13.55233
MDA,2018,13.07096
MDA,2019,12.68467
MDA,2020,11.61623
MDA,2021,14.14252
MDG,2000,5.8102
MDG,2001,5.86413
MDG,2002,5.99668
MDG,2003,5.99355
MDG,2004,6.10799
MDG,2005,6.19731
MDG,2006,6.17696
MDG,2007,6.04434
MDG,2008,5.98241
MDG,2009,5.91925
MDG,2010,5.94367
MDG,2011,5.95194
MDG,2012,5.81206
MDG,2013,5.81881
MDG,2014,5.92155
MDG,2015,5.79989
MDG,2016,5.89052
MDG,2017,5.88353
MDG,2018,5.91633
MDG,2019,5.95713
MDG,2020,6.30069
MDG,2021,6.09028
MDV,2000,2.91572
MDV,2001,2.86675
MDV,2002,2.79848
MDV,2003,2.7954
MDV,2004,2.33781
MDV,2005,2.44964
MDV,2006,2.64479
MDV,2007,2.65446
MDV,2008,2.78058
MDV,2009,2.77505
MDV,2010,2.71265
MDV,2011,2.71652
MDV,2012,2.76682
MDV,2013,2.59403
MDV,2014,2.67245
MDV,2015,2.52868
MDV,2016,2.6189
MDV,2017,2.39659
MDV,2018,2.04242
MDV,2019,2.51266
MDV,2020,1.93177
MDV,2021,1.46855
MEX,2000,3.70327
MEX,2001,3.95287
MEX,2002,4.00473
MEX,2003,4.10963
MEX,2004,4.11297
MEX,2005,4.24198
MEX,2006,4.06369
MEX,2007,4.11636
MEX,2008,4.40103
MEX,2009,4.66245
MEX,2010,4.48942
MEX,2011,5.25541
MEX,2012,4.87101
MEX,2013,5.212
MEX,2014,5.6623
MEX,2015,5.61447
MEX,2016,5.51418
MEX,2017,5.6711
MEX,2018,5.80491
MEX,2019,6.15305
MEX,2020,6.35756
MEX,2021,6.95021
MKD,2000,7.44519
MKD,2001,9.9584
MKD,2002,7.74422
MKD,2003,7.1859
MKD,2004,8.50982
MKD,2005,6.84288
MKD,2006,7.79518
MKD,2007,7.4204
MKD,2008,7.41848
MKD,2009,7.70915
MKD,2010,5.67794
MKD,2011,5.9738
MKD,2012,8.06239
MKD,2013,7.73339
MKD,2014,6.36082
MKD,2015,5.40863
MKD,2016,5.87543
MKD,2017,5.32349
MKD,2018,5.45782
MKD,2019,5.01671
MKD,2020,5.21406
MKD,2021,5.78062
MLI,2000,4.03012
MLI,2001,4.09237
MLI,2002,4.06795
MLI,2003,3.9856
MLI,2004,3.95741
MLI,2005,3.92852
MLI,2006,3.94227
MLI,2007,4.05937
MLI,2008,4.12896
MLI,2009,4.18868
MLI,2010,4.14051
MLI,2011,4.13769
MLI,2012,4.23385
MLI,2013,4.22939
MLI,2014,4.20213
MLI,2015,4.24772
MLI,2016,4.20898
MLI,2017,4.19735
MLI,2018,4.12485
MLI,2019,4.03248
MLI,2020,4.05298
MLI,2021,4.15653
MLT,2000,6.79623
MLT,2001,7.27655
MLT,2002,5.61955
MLT,2003,5.42751
MLT,2004,5.65892
MLT,2005,5.50232
MLT,2006,6.3761
MLT,2007,5.45529
MLT,2008,6.38159
MLT,2009,7.05912
MLT,2010,7.61123
MLT,2011,7.06012
MLT,2012,6.06015
MLT,2013,7.06222
MLT,2014,7.05488
MLT,2015,7.02705
MLT,2016,6.00854
MLT,2017,5.18167
MLT,2018,5.00605
MLT,2019,5.94768
MLT,2020,5.68855
MLT,2021,6.46708
MMR,2000,3.93345
MMR,2001,3.86758
MMR,2002,3.87943
MMR,2003,3.82949
MMR,2004,3.84268
MMR,2005,3.79453
MMR,2006,3.74821
MMR,2007,3.64069
MMR,2008,3.52723
MMR,2009,3.37726
MMR,2010,3.28665
MMR,2011,3.22997
MMR,2012,3.19228
MMR,2013,3.14169
MMR,2014,3.1393
MMR,2015,3.1212
MMR,2016,3.10042
MMR,2017,3.04358
MMR,2018,3.0535
MMR,2019,3.06289
MMR,2020,2.89326
MMR,2021,2.89401
MNE,2000,16.14034
MNE,2001,15.50965
MNE,2002,15.92822
MNE,2003,15.57341
MNE,2004,15.81339
MNE,2005,15.73073
MNE,2006,15.6866
MNE,2007,14.70522
MNE,2008,14.39695
MNE,2009,14.38059
MNE,2010,13.88874
MNE,2011,14.21247
MNE,2012,13.80622
MNE,2013,13.19941
MNE,2014,13.09046
MNE,2015,12.95542
MNE,2016,12.71647
MNE,2017,13.32827
MNE,2018,13.53986
MNE,2019,14.131
MNE,2020,15.19571
MNE,2021,11.30898
MNG,2000,16.24362
MNG,2001,16.20293
MNG,2002,15.79672
MNG,2003,17.1376
MNG,2004,17.68401
MNG,2005,18.23755
MNG,2006,18.10361
MNG,2007,18.12202
MNG,2008,18.50017
MNG,2009,18.97503
MNG,2010,19.92252
MNG,2011,22.16592
MNG,2012,21.19126
MNG,2013,19.42509
MNG,2014,18.29529
MNG,2015,18.62585
MNG,2016,18.4824
MNG,2017,17.89559
MNG,2018,17.14657
MNG,2019,17.32934
MNG,2020,18.83673
MNG,2021,18.49847
MOZ,2000,6.5014
MOZ,2001,6.27612
MOZ,2002,6.35734
MOZ,2003,6.26354
MOZ,2004,6.28278
MOZ,2005,6.45021
MOZ,2006,6.87594
MOZ,2007,7.5819
MOZ,2008,8.12136
MOZ,2009,8.60645
MOZ,2010,9.09861
MOZ,2011,9.34193
MOZ,2012,9.29657
MOZ,2013,9.83586
MOZ,2014,10.65095
MOZ,2015,10.93427
MOZ,2016,11.91953
MOZ,2017,12.47961
MOZ,2018,12.46407
MOZ,2019,11.59363
MOZ,2020,10.79211
MOZ,2021,10.60589
MRT,2000,2.73414
MRT,2001,2.76211
MRT,2002,2.7282
MRT,2003,2.66945
MRT,2004,2.68132
MRT,2005,2.63939
MRT,2006,2.65504
MRT,2007,2.52659
MRT,2008,2.50116
MRT,2009,2.59425
MRT,2010,2.62934
MRT,2011,2.64307
MRT,2012,2.80884
MRT,2013,2.8138
MRT,2014,2.77928
MRT,2015,2.72537
MRT,2016,2.75425
MRT,2017,2.76289
MRT,2018,2.75073
MRT,2019,2.7497
MRT,2020,2.67444
MRT,2021,2.70782
MUS,2000,12.13652
MUS,2001,10.19024
MUS,2002,11.57241
MUS,2003,7.86258
MUS,2004,8.4228
MUS,2005,9.20918
MUS,2006,9.74297
MUS,2007,10.67822
MUS,2008,6.9779
MUS,2009,9.49376
MUS,2010,7.90704
MUS,2011,9.62241
MUS,2012,9.95467
MUS,2013,8.48474
MUS,2014,10.5352
MUS,2015,8.35834
MUS,2016,8.33394
MUS,2017,9.45738
MUS,2018,8.97651
MUS,2019,9.76227
MUS,2020,11.40563
MUS,2021,10.52019
MWI,2000,7.49018
MWI,2001,7.32472
MWI,2002,7.28033
MWI,2003,7.62285
MWI,2004,7.33395
MWI,2005,7.50441
MWI,2006,7.75426
MWI,2007,7.53846
MWI,2008,6.89672
MWI,2009,6.777
MWI,2010,6.60035
MWI,2011,6.55134
MWI,2012,6.47455
MWI,2013,6.43828
MWI,2014,6.36457
MWI,2015,6.49302
MWI,2016,6.62969
MWI,2017,6.85283
MWI,2018,6.96398
MWI,2019,7.265
MWI,2020,7.06831
MWI,2021,7.56846
MYS,2000,4.40479
MYS,2001,4.24652
MYS,2002,4.19379
MYS,2003,4.37
MYS,2004,4.3729
MYS,2005,4.27961
MYS,2006,4.17195
MYS,2007,4.12271
MYS,2008,4.27854
MYS,2009,4.38871
MYS,2010,4.37965
MYS,2011,4.36273
MYS,2012,4.18383
MYS,2013,4.12231
MYS,2014,4.29978
MYS,2015,4.78968
MYS,2016,4.89433
MYS,2017,5.06245
MYS,2018,5.23726
MYS,2019,5.35123
MYS,2020,4.2624
MYS,2021,5.65403
NAM,2000,9.71476
NAM,2001,9.76891
NAM,2002,10.35765
NAM,2003,10.56929
NAM,2004,10.45009
NAM,2005,10.344
NAM,2006,9.95185
NAM,2007,9.46106
NAM,2008,9.20793
NAM,2009,8.60731
NAM,2010,8.50303
NAM,2011,8.99648
NAM,2012,8.77899
NAM,2013,8.9114
NAM,2014,9.62436
NAM,2015,9.51883
NAM,2016,8.01852
NAM,2017,8.87481
NAM,2018,8.27959
NAM,2019,8.29863
NAM,2020,8.36008
NAM,2021,8.58905
NER,2000,3.87437
NER,2001,3.98391
NER,2002,3.9145
NER,2003,3.99644
NER,2004,3.89726
NER,2005,4.05004
NER,2006,4.00665
NER,2007,4.10093
NER,2008,3.95808
NER,2009,4.06219
NER,2010,4.13454
NER,2011,4.27352
NER,2012,4.40495
NER,2013,4.48351
NER,2014,4.52197
NER,2015,4.51543
NER,2016,4.49207
NER,2017,4.4995
NER,2018,4.51222
NER,2019,4.54444
NER,2020,4.33445
NER,2021,4.476
NGA,2000,5.27441
NGA,2001,5.37127
NGA,2002,5.21205
NGA,2003,5.17918
NGA,2004,5.25833
NGA,2005,5.07689
NGA,2006,5.19516
NGA,2007,5.19221
NGA,2008,5.12899
NGA,2009,5.20091
NGA,2010,5.07549
NGA,2011,4.93606
NGA,2012,4.80876
NGA,2013,4.67057
NGA,2014,4.62194
NGA,2015,4.45754
NGA,2016,4.42833
NGA,2017,4.35548
NGA,2018,4.43682
NGA,2019,4.40652
NGA,2020,4.55586
NGA,2021,4.99334
NIC,2000,7.58793
NIC,2001,6.61419
NIC,2002,6.47199
NIC,2003,6.9726
NIC,2004,6.55791
NIC,2005,6.22637
NIC,2006,5.53554
NIC,2007,5.85924
NIC,2008,5.9338
NIC,2009,5.81908
NIC,2010,5.44997
NIC,2011,6.19658
NIC,2012,5.05056
NIC,2013,5.75493
NIC,2014,5.17952
NIC,2015,4.72137
NIC,2016,4.84826
NIC,2017,4.97558
NIC,2018,5.27495
NIC,2019,4.6513
NIC,2020,3.64802
NIC,2021,4.24405
NLD,2000,9.52017
NLD,2001,9.54865
NLD,2002,9.96007
NLD,2003,9.55124
NLD,2004,9.64783
NLD,2005,9.78626
NLD,2006,9.58047
NLD,2007,8.44638
NLD,2008,8.96719
NLD,2009,9.41683
NLD,2010,9.8338
NLD,2011,10.07376
NLD,2012,10.72222
NLD,2013,11.82571
NLD,2014,11.62603
NLD,2015,11.78067
NLD,2016,11.83357
NLD,2017,11.92674
NLD,2018,11.27898
NLD,2019,11.04973
NLD,2020,11.0635
NLD,2021,11.50394
NOR,2000,12.8306
NOR,2001,12.79765
NOR,2002,11.44342
NOR,2003,11.57316
NOR,2004,12.09697
NOR,2005,12.11945
NOR,2006,12.0002
NOR,2007,10.91227
NOR,2008,11.09834
NOR,2009,12.51781
NOR,2010,11.83676
NOR,2011,13.00432
NOR,2012,10.98259
NOR,2013,11.43241
NOR,2014,11.21858
NOR,2015,11.92389
NOR,2016,12.22729
NOR,2017,11.7468
NOR,2018,13.3477
NOR,2019,12.57468
NOR,2020,12.52131
NOR,2021,13.18888
NPL,2000,9.91652
NPL,2001,9.63566
NPL,2002,9.48113
NPL,2003,9.44918
NPL,2004,9.40889
NPL,2005,9.52778
NPL,2006,9.63619
NPL,2007,9.57065
NPL,2008,9.31709
NPL,2009,9.66769
NPL,2010,10.08013
NPL,2011,10.41773
NPL,2012,10.23671
NPL,2013,10.64692
NPL,2014,10.64528
NPL,2015,10.63209
NPL,2016,10.35958
NPL,2017,10.58115
NPL,2018,10.5975
NPL,2019,10.55694
NPL,2020,9.80303
NPL,2021,10.13987
NZL,2000,12.55887
NZL,2001,13.85446
NZL,2002,12.39253
NZL,2003,13.70136
NZL,2004,12.69654
NZL,2005,12.9851
NZL,2006,13.1615
NZL,2007,12.27085
NZL,2008,12.35442
NZL,2009,11.45687
NZL,2010,12.54098
NZL,2011,11.38828
NZL,2012,12.62726
NZL,2013,12.09812
NZL,2014,11.68981
NZL,2015,11.94135
NZL,2016,12.46966
NZL,2017,12.83187
NZL,2018,11.73025
NZL,2019,11.81099
NZL,2020,11.34768
NZL,2021,11.92408
OMN,2000,2.33135
OMN,2001,2.3258
OMN,2002,2.12461
OMN,2003,2.16427
OMN,2004,2.03754
OMN,2005,2.02879
OMN,2006,1.9782
OMN,2007,1.76286
OMN,2008,1.65562
OMN,2009,1.02303
OMN,2010,1.81458
OMN,2011,1.95312
OMN,2012,2.04768
OMN,2013,1.94972
OMN,2014,2.0441
OMN,2015,1.68874
OMN,2016,1.81415
OMN,2017,1.91201
OMN,2018,2.04916
OMN,2019,2.00213
OMN,2020,1.20818
OMN,2021,0.90892
PAK,2000,6.94797
PAK,2001,6.87361
PAK,2002,6.97881
PAK,2003,6.80361
PAK,2004,6.97934
PAK,2005,7.03046
PAK,2006,7.00611
PAK,2007,6.85945
PAK,2008,6.86471
PAK,2009,6.75686
PAK,2010,6.33866
PAK,2011,6.25616
PAK,2012,6.4326
PAK,2013,5.82132
PAK,2014,6.33436
PAK,2015,6.40597
PAK,2016,6.38881
PAK,2017,6.37343
PAK,2018,6.2223
PAK,2019,6.08986
PAK,2020,5.43162
PAK,2021,5.63959
PAN,2000,4.66208
PAN,2001,5.0416
PAN,2002,4.90596
PAN,2003,5.67756
PAN,2004,5.53658
PAN,2005,4.79333
PAN,2006,5.44672
PAN,2007,4.83024
PAN,2008,5.22334
PAN,2009,4.79764
PAN,2010,3.93727
PAN,2011,3.90154
PAN,2012,3.55103
PAN,2013,3.39861
PAN,2014,4.0473
PAN,2015,2.75822
PAN,2016,3.0949
PAN,2017,3.02988
PAN,2018,2.84992
PAN,2019,2.55067
PAN,2020,2.44702
PAN,2021,3.28997
PER,2000,1.03733
PER,2001,1.20244
PER,2002,1.39534
PER,2003,1.27476
PER,2004,1.08392
PER,2005,0.77221
PER,2006,1.02384
PER,2007,1.56932
PER,2008,1.49525
PER,2009,0.60125
PER,2010,1.09394
PER,2011,2.13877
PER,2012,2.56605
PER,2013,1.29757
PER,2014,1.54291
PER,2015,0.96303
PER,2016,1.42041
PER,2017,1.40996
PER,2018,1.80437
PER,2019,2.19134
PER,2020,1.49976
PER,2021,1.5378
PHL,2000,2.01074
PHL,2001,1.72849
PHL,2002,1.95617
PHL,2003,2.23925
PHL,2004,2.18514
PHL,2005,2.39777
PHL,2006,2.4431
PHL,2007,2.33894
PHL,2008,2.47649
PHL,2009,2.81715
PHL,2010,2.84764
PHL,2011,3.17376
PHL,2012,2.9162
PHL,2013,2.81049
PHL,2014,2.71519
PHL,2015,3.14923
PHL,2016,3.21507
PHL,2017,3.25668
PHL,2018,3.61263
PHL,2019,3.04222
PHL,2020,3.17072
PHL,2021,3.49261
PNG,2000,1.73179
PNG,2001,1.67571
PNG,2002,1.73091
PNG,2003,1.65439
PNG,2004,1.65601
PNG,2005,1.6758
PNG,2006,1.68643
PNG,2007,1.65152
PNG,2008,1.62644
PNG,2009,1.62614
PNG,2010,1.70535
PNG,2011,1.73348
PNG,2012,1.7029
PNG,2013,1.74766
PNG,2014,1.9402
PNG,2015,1.98613
PNG,2016,1.99529
PNG,2017,1.92225
PNG,2018,1.98186
PNG,2019,2.07129
PNG,2020,1.6947
PNG,2021,1.81787
POL,2000,17.02595
POL,2001,17.24147
POL,2002,17.38252
POL,2003,17.09533
POL,2004,17.66739
POL,2005,17.79853
POL,2006,17.16361
POL,2007,15.77165
POL,2008,17.11567
POL,2009,19.23083
POL,2010,18.65998
POL,2011,18.07941
POL,2012,18.5716
POL,2013,18.24518
POL,2014,17.37237
POL,2015,15.8459
POL,2016,13.81248
POL,2017,13.25213
POL,2018,13.473
POL,2019,13.70163
POL,2020,13.87548
POL,2021,13.66797
PRI,2000,7.98937
PRI,2001,7.45277
PRI,2002,6.23414
PRI,2003,6.79663
PRI,2004,7.26796
PRI,2005,7.49916
PRI,2006,6.8167
PRI,2007,7.0065
PRI,2008,7.87972
PRI,2009,8.7022
PRI,2010,7.43169
PRI,2011,6.73528
PRI,2012,6.48649
PRI,2013,6.67956
PRI,2014,5.94713
PRI,2015,6.3328
PRI,2016,5.22891
PRI,2017,6.99098
PRI,2018,5.75938
PRI,2019,5.71605
PRI,2020,5.91141
PRI,2021,5.42161
PRK,2000,8.54955
PRK,2001,8.45139
PRK,2002,8.50497
PRK,2003,8.33119
PRK,2004,8.24693
PRK,2005,8.19445
PRK,2006,8.27582
PRK,2007,8.62205
PRK,2008,9.1993
PRK,2009,9.39625
PRK,2010,9.81529
PRK,2011,10.00569
PRK,2012,9.96371
PRK,2013,10.1524
PRK,2014,10.28412
PRK,2015,10.67795
PRK,2016,10.69523
PRK,2017,10.23987
PRK,2018,9.84442
PRK,2019,10.05149
PRK,2020,9.28807
PRK,2021,9.3083
PRT,2000,7.4978
PRT,2001,8.70696
PRT,2002,12.32572
PRT,2003,11.77992
PRT,2004,10.54658
PRT,2005,11.31183
PRT,2006,11.39157
PRT,2007,12.61327
PRT,2008,13.03143
PRT,2009,13.01322
PRT,2010,13.57589
PRT,2011,12.27264
PRT,2012,13.50088
PRT,2013,12.50468
PRT,2014,14.23242
PRT,2015,13.24754
PRT,2016,11.37794
PRT,2017,12.09575
PRT,2018,11.83395
PRT,2019,12.65944
PRT,2020,12.08416
PRT,2021,11.51811
PRY,2000,3.29878
PRY,2001,3.20099
PRY,2002,3.83222
PRY,2003,3.66317
PRY,2004,4.53353
PRY,2005,4.58453
PRY,2006,4.54866
PRY,2007,4.27049
PRY,2008,3.85899
PRY,2009,4.97128
PRY,2010,4.15494
PRY,2011,5.31104
PRY,2012,5.33195
PRY,2013,5.58307
PRY,2014,6.8054
PRY,2015,6.54087
PRY,2016,5.7792
PRY,2017,6.23522
PRY,2018,7.39451
PRY,2019,7.92623
PRY,2020,6.28132
PRY,2021,6.35506
PSE,2000,0.63085
PSE,2001,0.63751
PSE,2002,0.6619
PSE,2003,0.63688
PSE,2004,0.636
PSE,2005,0.62506
PSE,2006,0.58588
PSE,2007,0.62861
PSE,2008,0.59343
PSE,2009,0.5506
PSE,2010,0.52978
PSE,2011,0.56972
PSE,2012,0.66882
PSE,2013,0.79776
PSE,2014,0.92073
PSE,2015,0.76045
PSE,2016,0.64855
PSE,2017,0.66039
PSE,2018,0.68364
PSE,2019,0.6561
PSE,2020,0.64413
PSE,2021,0.65115
QAT,2000,13.18396
QAT,2001,13.52316
QAT,2002,13.27372
QAT,2003,11.76252
QAT,2004,10.79742
QAT,2005,9.89612
QAT,2006,9.44602
QAT,2007,10.51667
QAT,2008,10.20267
QAT,2009,9.95335
QAT,2010,9.46976
QAT,2011,8.77523
QAT,2012,8.1192
QAT,2013,7.69091
QAT,2014,7.61045
QAT,2015,7.54283
QAT,2016,7.68714
QAT,2017,7.47676
QAT,2018,7.28354
QAT,2019,6.96413
QAT,2020,5.27944
QAT,2021,4.69762
ROU,2000,12.8063
ROU,2001,12.1529
ROU,2002,14.10143
ROU,2003,13.43663
ROU,2004,12.66141
ROU,2005,12.1903
ROU,2006,12.81709
ROU,2007,11.48586
ROU,2008,11.69771
ROU,2009,12.20532
ROU,2010,13.2047
ROU,2011,12.11823
ROU,2012,12.59581
ROU,2013,12.23396
ROU,2014,11.32713
ROU,2015,11.5165
ROU,2016,10.30511
ROU,2017,10.09983
ROU,2018,10.22121
ROU,2019,9.17093
ROU,2020,9.74429
ROU,2021,9.62397
RUS,2000,53.05821
RUS,2001,51.79269
RUS,2002,50.71784
RUS,2003,49.34872
RUS,2004,47.43951
RUS,2005,45.16576
RUS,2006,41.4382
RUS,2007,39.63375
RUS,2008,38.38922
RUS,2009,36.84133
RUS,2010,35.78193
RUS,2011,34.61356
RUS,2012,33.60477
RUS,2013,32.83412
RUS,2014,32.61443
RUS,2015,31.12448
RUS,2016,30.19818
RUS,2017,27.29849
RUS,2018,25.89874
RUS,2019,24.46898
RUS,2020,21.01111
RUS,2021,21.37479
RWA,2000,13.46159
RWA,2001,12.0059
RWA,2002,10.9872
RWA,2003,9.76146
RWA,2004,8.64269
RWA,2005,8.19518
RWA,2006,7.94097
RWA,2007,8.01257
RWA,2008,7.91676
RWA,2009,7.66386
RWA,2010,7.62389
RWA,2011,7.6057
RWA,2012,7.63695
RWA,2013,7.61582
RWA,2014,7.75758
RWA,2015,7.83679
RWA,2016,7.9366
RWA,2017,8.11099
RWA,2018,8.12024
RWA,2019,8.2857
RWA,2020,7.8869
RWA,2021,8.67783
SAU,2000,2.30418
SAU,2001,2.39506
SAU,2002,2.44968
SAU,2003,2.38147
SAU,2004,2.27514
SAU,2005,2.17244
SAU,2006,2.06175
SAU,2007,1.91167
SAU,2008,1.75182
SAU,2009,1.58724
SAU,2010,1.38063
SAU,2011,1.14865
SAU,2012,0.97551
SAU,2013,0.92749
SAU,2014,0.96489
SAU,2015,0.9012
SAU,2016,0.91392
SAU,2017,1.02754
SAU,2018,1.10082
SAU,2019,1.08913
SAU,2020,1.05838
SAU,2021,0.94924
SDN,2000,4.00908
SDN,2001,3.95949
SDN,2002,3.88395
SDN,2003,3.78584
SDN,2004,3.70746
SDN,2005,3.63869
SDN,2006,3.55777
SDN,2007,3.52218
SDN,2008,3.55182
SDN,2009,3.77582
SDN,2010,3.49129
SDN,2011,3.6738
SDN,2012,3.51074
SDN,2013,3.68342
SDN,2014,3.5479
SDN,2015,3.50001
SDN,2016,3.44658
SDN,2017,3.47157
SDN,2018,3.52787
SDN,2019,3.39211
SDN,2020,3.04151
SDN,2021,3.16001
SEAR,2000,12.65279
SEAR,2001,12.02914
SEAR,2002,12.01767
SEAR,2003,11.89009
SEAR,2004,12.05791
SEAR,2005,12.20086
SEAR,2006,12.31579
SEAR,2007,12.28281
SEAR,2008,12.21544
SEAR,2009,12.10798
SEAR,2010,12.23622
SEAR,2011,12.19197
SEAR,2012,12.19287
SEAR,2013,12.04758
SEAR,2014,11.68803
SEAR,2015,11.37474
SEAR,2016,11.40387
SEAR,2017,11.59164
SEAR,2018,11.22918
SEAR,2019,11.04174
SEAR,2020,10.33571
SEAR,2021,10.07026
SEN,2000,7.09045
SEN,2001,6.52992
SEN,2002,6.39267
SEN,2003,6.76238
SEN,2004,6.76745
SEN,2005,6.734
SEN,2006,6.64564
SEN,2007,6.60515
SEN,2008,6.96313
SEN,2009,6.99158
SEN,2010,6.79878
SEN,2011,6.83831
SEN,2012,7.00537
SEN,2013,7.03675
SEN,2014,7.19155
SEN,2015,7.02461
SEN,2016,7.05244
SEN,2017,7.0026
SEN,2018,6.92184
SEN,2019,6.9848
SEN,2020,6.84283
SEN,2021,6.75828
SGP,2000,12.1858
SGP,2001,11.31307
SGP,2002,12.31037
SGP,2003,11.9478
SGP,2004,11.34592
SGP,2005,10.91403
SGP,2006,11.02241
SGP,2007,10.41417
SGP,2008,9.80875
SGP,2009,10.27142
SGP,2010,9.37521
SGP,2011,8.77787
SGP,2012,10.56658
SGP,2013,9.82747
SGP,2014,9.4332
SGP,2015,8.7172
SGP,2016,8.44327
SGP,2017,8.4233
SGP,2018,8.90328
SGP,2019,8.42156
SGP,2020,8.93807
SGP,2021,8.09778
SLB,2000,17.40241
SLB,2001,16.76361
SLB,2002,17.47898
SLB,2003,18.53177
SLB,2004,16.6956
SLB,2005,17.43873
SLB,2006,17.601
SLB,2007,19.98336
SLB,2008,21.07332
SLB,2009,20.97567
SLB,2010,20.81399
SLB,2011,20.8558
SLB,2012,20.81111
SLB,2013,20.6249
SLB,2014,20.57858
SLB,2015,20.52389
SLB,2016,20.44922
SLB,2017,20.48707
SLB,2018,20.58612
SLB,2019,20.42853
SLB,2020,19.53711
SLB,2021,19.59543
SLE,2000,4.63393
SLE,2001,4.71338
SLE,2002,5.03681
SLE,2003,5.17056
SLE,2004,5.30409
SLE,2005,5.39622
SLE,2006,5.37348
SLE,2007,5.65506
SLE,2008,5.77702
SLE,2009,5.84951
SLE,2010,5.96108
SLE,2011,5.80419
SLE,2012,5.85931
SLE,2013,5.67825
SLE,2014,5.48408
SLE,2015,5.53488
SLE,2016,5.8791
SLE,2017,6.03288
SLE,2018,6.16413
SLE,2019,6.14359
SLE,2020,5.40479
SLE,2021,6.1385
SLV,2000,7.68272
SLV,2001,7.52004
SLV,2002,6.77642
SLV,2003,7.14549
SLV,2004,8.08247
SLV,2005,9.35483
SLV,2006,9.5497
SLV,2007,8.94747
SLV,2008,8.18559
SLV,2009,9.62112
SLV,2010,8.18308
SLV,2011,8.91389
SLV,2012,6.856
SLV,2013,6.75198
SLV,2014,8.24119
SLV,2015,11.86312
SLV,2016,10.17144
SLV,2017,8.50328
SLV,2018,7.30615
SLV,2019,7.79919
SLV,2020,7.43992
SLV,2021,7.6348
SOM,2000,8.56162
SOM,2001,8.59019
SOM,2002,8.56196
SOM,2003,8.48477
SOM,2004,8.53916
SOM,2005,8.44746
SOM,2006,8.36532
SOM,2007,8.21681
SOM,2008,8.34589
SOM,2009,8.43132
SOM,2010,7.80312
SOM,2011,6.85993
SOM,2012,7.56505
SOM,2013,8.11147
SOM,2014,8.05274
SOM,2015,8.00352
SOM,2016,7.96969
SOM,2017,7.96728
SOM,2018,7.94606
SOM,2019,7.92055
SOM,2020,8.03942
SOM,2021,7.96023
SRB,2000,24.97489
SRB,2001,23.32517
SRB,2002,24.23363
SRB,2003,22.71729
SRB,2004,22.84065
SRB,2005,21.92896
SRB,2006,21.13201
SRB,2007,20.23571
SRB,2008,19.23797
SRB,2009,20.94279
SRB,2010,18.58695
SRB,2011,19.30329
SRB,2012,19.44123
SRB,2013,19.03695
SRB,2014,18.0868
SRB,2015,17.11738
SRB,2016,15.95949
SRB,2017,16.25666
SRB,2018,15.59923
SRB,2019,15.74739
SRB,2020,15.60946
SRB,2021,15.14375
SSD,2000,5.10583
SSD,2001,4.76104
SSD,2002,4.59214
SSD,2003,4.69771
SSD,2004,4.79515
SSD,2005,4.75273
SSD,2006,4.87234
SSD,2007,4.89393
SSD,2008,4.86889
SSD,2009,4.96172
SSD,2010,4.86777
SSD,2011,4.85719
SSD,2012,4.92556
SSD,2013,5.15097
SSD,2014,5.28185
SSD,2015,5.58979
SSD,2016,5.71744
SSD,2017,5.90938
SSD,2018,6.65402
SSD,2019,7.24597
SSD,2020,7.62659
SSD,2021,7.88784
STP,2000,0.90799
STP,2001,0.91686
STP,2002,0.92227
STP,2003,0.89817
STP,2004,0.89551
STP,2005,0.8415
STP,2006,0.89779
STP,2007,0.87055
STP,2008,0.84204
STP,2009,0.84936
STP,2010,0.85257
STP,2011,0.81616
STP,2012,0.82287
STP,2013,0.83065
STP,2014,0.84762
STP,2015,0.8534
STP,2016,0.84635
STP,2017,0.84968
STP,2018,0.84107
STP,2019,0.86906
STP,2020,0.8251
STP,2021,0.85778
SUR,2000,20.90049
SUR,2001,22.60005
SUR,2002,22.97566
SUR,2003,23.29933
SUR,2004,22.5287
SUR,2005,22.6521
SUR,2006,22.85019
SUR,2007,23.05498
SUR,2008,23.42341
SUR,2009,22.74816
SUR,2010,24.32262
SUR,2011,23.8966
SUR,2012,24.59099
SUR,2013,24.30851
SUR,2014,24.51474
SUR,2015,26.12608
SUR,2016,26.47199
SUR,2017,25.8517
SUR,2018,26.49866
SUR,2019,26.32407
SUR,2020,28.46851
SUR,2021,22.26341
SVK,2000,14.28097
SVK,2001,13.94573
SVK,2002,14.71895
SVK,2003,15.17401
SVK,2004,13.99933
SVK,2005,13.81827
SVK,2006,14.74574
SVK,2007,14.22444
SVK,2008,12.84474
SVK,2009,13.19024
SVK,2010,13.74374
SVK,2011,12.27515
SVK,2012,12.65851
SVK,2013,12.33667
SVK,2014,12.97105
SVK,2015,11.20828
SVK,2016,9.49179
SVK,2017,9.13623
SVK,2018,10.22546
SVK,2019,9.01833
SVK,2020,9.36396
SVK,2021,9.91209
SVN,2000,31.93393
SVN,2001,30.65137
SVN,2002,29.10168
SVN,2003,29.65234
SVN,2004,28.56948
SVN,2005,26.94539
SVN,2006,28.2137
SVN,2007,23.03115
SVN,2008,20.46595
SVN,2009,22.23203
SVN,2010,20.58065
SVN,2011,21.67015
SVN,2012,21.75835
SVN,2013,22.16662
SVN,2014,19.53672
SVN,2015,20.99574
SVN,2016,18.8064
SVN,2017,20.42722
SVN,2018,17.39916
SVN,2019,19.34061
SVN,2020,17.73742
SVN,2021,18.85039
SWE,2000,14.87415
SWE,2001,15.94538
SWE,2002,15.56698
SWE,2003,14.48526
SWE,2004,14.77314
SWE,2005,15.72979
SWE,2006,15.18824
SWE,2007,14.63955
SWE,2008,15.06096
SWE,2009,15.69179
SWE,2010,14.61155
SWE,2011,14.0704
SWE,2012,14.86043
SWE,2013,15.77555
SWE,2014,14.84044
SWE,2015,15.14755
SWE,2016,14.02348
SWE,2017,14.4717
SWE,2018,14.62831
SWE,2019,14.59669
SWE,2020,13.36228
SWE,2021,13.84039
SWZ,2000,12.531
SWZ,2001,13.91475
SWZ,2002,15.36489
SWZ,2003,16.37946
SWZ,2004,16.97239
SWZ,2005,17.39755
SWZ,2006,18.03951
SWZ,2007,18.67448
SWZ,2008,19.48466
SWZ,2009,19.07793
SWZ,2010,27.77101
SWZ,2011,19.31415
SWZ,2012,20.43069
SWZ,2013,21.52755
SWZ,2014,22.78172
SWZ,2015,24.36616
SWZ,2016,25.83757
SWZ,2017,28.86874
SWZ,2018,29.8537
SWZ,2019,28.12621
SWZ,2020,23.83279
SWZ,2021,27.22724
SYC,2000,8.91436
SYC,2001,9.10093
SYC,2002,8.34649
SYC,2003,8.56808
SYC,2004,8.90733
SYC,2005,7.94454
SYC,2006,7.76957
SYC,2007,7.16924
SYC,2008,7.4058
SYC,2009,7.04274
SYC,2010,7.3042
SYC,2011,7.44434
SYC,2012,7.28318
SYC,2013,7.37936
SYC,2014,7.65627
SYC,2015,7.59679
SYC,2016,7.85785
SYC,2017,7.81958
SYC,2018,7.90273
SYC,2019,7.95874
SYC,2020,6.61203
SYC,2021,4.26616
SYR,2000,1.03937
SYR,2001,0.97692
SYR,2002,0.94035
SYR,2003,0.82777
SYR,2004,0.79117
SYR,2005,0.74507
SYR,2006,0.69714
SYR,2007,0.6402
SYR,2008,0.61533
SYR,2009,0.58829
SYR,2010,0.59097
SYR,2011,0.59693
SYR,2012,0.61393
SYR,2013,0.64219
SYR,2014,0.60806
SYR,2015,0.61046
SYR,2016,0.58126
SYR,2017,0.59586
SYR,2018,0.62167
SYR,2019,0.61586
SYR,2020,0.57465
SYR,2021,0.58686
TCD,2000,5.2996
TCD,2001,5.23687
TCD,2002,5.2492
TCD,2003,5.04953
TCD,2004,5.15971
TCD,2005,5.3415
TCD,2006,5.38075
TCD,2007,5.40166
TCD,2008,5.42757
TCD,2009,5.51176
TCD,2010,5.55698
TCD,2011,5.48288
TCD,2012,5.42288
TCD,2013,5.35191
TCD,2014,5.25757
TCD,2015,5.14003
TCD,2016,5.09091
TCD,2017,5.12781
TCD,2018,5.20704
TCD,2019,5.26066
TCD,2020,5.23237
TCD,2021,5.21
TGO,2000,8.32628
TGO,2001,8.5001
TGO,2002,8.65928
TGO,2003,8.83705
TGO,2004,8.78316
TGO,2005,8.93965
TGO,2006,9.02702
TGO,2007,8.99465
TGO,2008,9.33305
TGO,2009,9.53902
TGO,2010,9.63334
TGO,2011,9.69205
TGO,2012,9.68363
TGO,2013,9.71723
TGO,2014,9.77963
TGO,2015,9.80746
TGO,2016,9.97514
TGO,2017,9.84298
TGO,2018,9.80454
TGO,2019,9.77121
TGO,2020,9.37861
TGO,2021,9.3404
THA,2000,11.488
THA,2001,11.54767
THA,2002,11.82967
THA,2003,11.48658
THA,2004,10.84935
THA,2005,9.31288
THA,2006,9.30568
THA,2007,9.35422
THA,2008,9.14727
THA,2009,8.87469
THA,2010,8.9335
THA,2011,9.18231
THA,2012,9.3586
THA,2013,9.5644
THA,2014,10.44576
THA,2015,11.06685
THA,2016,11.87246
THA,2017,12.19865
THA,2018,12.76035
THA,2019,13.55011
THA,2020,15.45787
THA,2021,16.58879
TJK,2000,3.66687
TJK,2001,3.40427
TJK,2002,3.22589
TJK,2003,3.03342
TJK,2004,2.99552
TJK,2005,2.99727
TJK,2006,2.95131
TJK,2007,2.93997
TJK,2008,2.89461
TJK,2009,2.87053
TJK,2010,2.85031
TJK,2011,2.84604
TJK,2012,2.8633
TJK,2013,2.86644
TJK,2014,2.87435
TJK,2015,2.84359
TJK,2016,2.8075
TJK,2017,2.70203
TJK,2018,2.66715
TJK,2019,2.6116
TJK,2020,2.21628
TJK,2021,2.43202
TKM,2000,10.35787
TKM,2001,10.38191
TKM,2002,10.82013
TKM,2003,10.46559
TKM,2004,10.92981
TKM,2005,11.56626
TKM,2006,11.53189
TKM,2007,10.42422
TKM,2008,9.53603
TKM,2009,8.03385
TKM,2010,7.51435
TKM,2011,7.40285
TKM,2012,7.27351
TKM,2013,7.16154
TKM,2014,7.4246
TKM,2015,7.54551
TKM,2016,7.30407
TKM,2017,7.10914
TKM,2018,6.98993
TKM,2019,6.90403
TKM,2020,6.51634
TKM,2021,6.83115
TLS,2000,3.28607
TLS,2001,3.21994
TLS,2002,2.7975
TLS,2003,3.09171
TLS,2004,2.89377
TLS,2005,2.98182
TLS,2006,2.91761
TLS,2007,3.14501
TLS,2008,3.19219
TLS,2009,3.88987
TLS,2010,3.78439
TLS,2011,3.81512
TLS,2012,3.61549
TLS,2013,3.61741
TLS,2014,3.70857
TLS,2015,3.54252
TLS,2016,3.65698
TLS,2017,3.52326
TLS,2018,3.63043
TLS,2019,3.80772
TLS,2020,3.20412
TLS,2021,3.55903
TON,2000,5.11516
TON,2001,5.06004
TON,2002,4.95804
TON,2003,4.95468
TON,2004,4.91276
TON,2005,4.80565
TON,2006,4.72906
TON,2007,4.83965
TON,2008,4.45395
TON,2009,4.68825
TON,2010,5.10591
TON,2011,5.00553
TON,2012,4.94763
TON,2013,4.9599
TON,2014,5.04118
TON,2015,5.02503
TON,2016,4.38102
TON,2017,4.73783
TON,2018,4.72266
TON,2019,4.64865
TON,2020,4.64757
TON,2021,4.73476
TTO,2000,15.61088
TTO,2001,15.07696
TTO,2002,14.32751
TTO,2003,12.59251
TTO,2004,13.03064
TTO,2005,11.48526
TTO,2006,11.05945
TTO,2007,11.23728
TTO,2008,12.93911
TTO,2009,11.67594
TTO,2010,11.7463
TTO,2011,11.20395
TTO,2012,10.08981
TTO,2013,11.60371
TTO,2014,11.70799
TTO,2015,11.83903
TTO,2016,13.06255
TTO,2017,13.516
TTO,2018,13.65924
TTO,2019,13.76243
TTO,2020,14.05101
TTO,2021,13.34411
TUN,2000,2.99553
TUN,2001,3.02414
TUN,2002,3.0451
TUN,2003,2.99454
TUN,2004,3.07527
TUN,2005,3.05492
TUN,2006,3.0125
TUN,2007,2.95516
TUN,2008,2.87171
TUN,2009,2.95224
TUN,2010,3.06351
TUN,2011,2.72345
TUN,2012,2.60473
TUN,2013,2.60581
TUN,2014,2.54872
TUN,2015,2.59409
TUN,2016,2.53196
TUN,2017,2.63763
TUN,2018,2.67142
TUN,2019,2.58281
TUN,2020,1.89499
TUN,2021,1.84108
TUR,2000,2.88209
TUR,2001,2.66008
TUR,2002,2.57856
TUR,2003,2.72641
TUR,2004,2.79122
TUR,2005,2.845
TUR,2006,2.90954
TUR,2007,2.86908
TUR,2008,2.90489
TUR,2009,3.08322
TUR,2010,3.10232
TUR,2011,3.10776
TUR,2012,3.18388
TUR,2013,3.08527
TUR,2014,3.22181
TUR,2015,3.19375
TUR,2016,3.34938
TUR,2017,3.35897
TUR,2018,3.38267
TUR,2019,3.53792
TUR,2020,2.98326
TUR,2021,2.68963
TZA,2000,5.38798
TZA,2001,5.23941
TZA,2002,4.98607
TZA,2003,4.8447
TZA,2004,4.63491
TZA,2005,4.61453
TZA,2006,4.58091
TZA,2007,4.51246
TZA,2008,4.46405
TZA,2009,4.41181
TZA,2010,4.3606
TZA,2011,4.2616
TZA,2012,4.11078
TZA,2013,4.01842
TZA,2014,3.95943
TZA,2015,4.02719
TZA,2016,4.13232
TZA,2017,3.77211
TZA,2018,4.2486
TZA,2019,4.48201
TZA,2020,4.37459
TZA,2021,5.10475
UGA,2000,6.8407
UGA,2001,7.05842
UGA,2002,6.89893
UGA,2003,6.84252
UGA,2004,6.62858
UGA,2005,6.29803
UGA,2006,6.01793
UGA,2007,5.62921
UGA,2008,5.4968
UGA,2009,5.30005
UGA,2010,5.25097
UGA,2011,5.32576
UGA,2012,5.13244
UGA,2013,4.9804
UGA,2014,4.7738
UGA,2015,4.5942
UGA,2016,4.59982
UGA,2017,4.49874
UGA,2018,4.7375
UGA,2019,5.13934
UGA,2020,4.92631
UGA,2021,5.498
UKR,2000,36.0638
UKR,2001,33.33294
UKR,2002,32.48522
UKR,2003,31.25677
UKR,2004,29.78368
UKR,2005,30.66804
UKR,2006,28.68635
UKR,2007,29.07975
UKR,2008,28.40204
UKR,2009,26.02403
UKR,2010,24.74637
UKR,2011,23.91006
UKR,2012,24.29951
UKR,2013,24.08658
UKR,2014,25.49807
UKR,2015,22.41221
UKR,2016,21.34309
UKR,2017,21.81332
UKR,2018,23.52519
UKR,2019,23.29315
UKR,2020,22.11994
UKR,2021,21.2133
URY,2000,16.35352
URY,2001,14.70045
URY,2002,20.17076
URY,2003,15.86947
URY,2004,15.51202
URY,2005,14.97091
URY,2006,15.71476
URY,2007,17.61313
URY,2008,15.20431
URY,2009,15.10594
URY,2010,16.08079
URY,2011,16.88841
URY,2012,17.95451
URY,2013,15.99094
URY,2014,17.58193
URY,2015,18.73129
URY,2016,21.27741
URY,2017,20.98869
URY,2018,23.22348
URY,2019,23.39972
URY,2020,22.76936
URY,2021,24.75191
USA,2000,11.16949
USA,2001,11.54827
USA,2002,11.86803
USA,2003,11.76274
USA,2004,11.92313
USA,2005,11.82548
USA,2006,11.96196
USA,2007,12.30993
USA,2008,12.64782
USA,2009,12.81935
USA,2010,13.19888
USA,2011,13.44278
USA,2012,13.66573
USA,2013,13.69739
USA,2014,14.09547
USA,2015,14.41543
USA,2016,14.62768
USA,2017,15.19367
USA,2018,15.43839
USA,2019,15.10978
USA,2020,14.95539
USA,2021,15.63139
UZB,2000,14.93896
UZB,2001,14.63954
UZB,2002,14.48929
UZB,2003,13.60696
UZB,2004,12.99641
UZB,2005,13.60773
UZB,2006,12.89942
UZB,2007,12.46597
UZB,2008,12.08099
UZB,2009,11.58948
UZB,2010,11.26862
UZB,2011,11.10294
UZB,2012,11.49873
UZB,2013,11.41575
UZB,2014,11.64799
UZB,2015,12.25373
UZB,2016,12.321
UZB,2017,11.68589
UZB,2018,10.72278
UZB,2019,10.13994
UZB,2020,8.57769
UZB,2021,8.34328
VCT,2000,5.68775
VCT,2001,5.00772
VCT,2002,6.25888
VCT,2003,5.63113
VCT,2004,5.12796
VCT,2005,9.95496
VCT,2006,6.19952
VCT,2007,8.44643
VCT,2008,4.30999
VCT,2009,2.66296
VCT,2010,3.143
VCT,2011,5.7054
VCT,2012,5.5991
VCT,2013,3.90791
VCT,2014,1.23586
VCT,2015,2.63591
VCT,2016,0.51349
VCT,2017,0.0
VCT,2018,0.0
VCT,2019,0.31733
VCT,2020,0.31574
VCT,2021,0.40885
VEN,2000,6.60273
VEN,2001,6.79336
VEN,2002,6.46814
VEN,2003,6.81973
VEN,2004,6.30082
VEN,2005,5.93934
VEN,2006,5.92768
VEN,2007,5.80853
VEN,2008,5.96943
VEN,2009,5.94241
VEN,2010,6.04574
VEN,2011,6.23055
VEN,2012,6.1816
VEN,2013,5.90103
VEN,2014,5.67129
VEN,2015,6.12156
VEN,2016,10.49116
VEN,2017,8.06986
VEN,2018,7.44927
VEN,2019,7.17318
VEN,2020,7.32795
VEN,2021,8.6286
VNM,2000,5.83393
VNM,2001,5.88468
VNM,2002,5.93661
VNM,2003,5.92656
VNM,2004,6.01949
VNM,2005,6.1202
VNM,2006,6.21767
VNM,2007,6.4307
VNM,2008,6.64656
VNM,2009,6.82401
VNM,2010,7.02543
VNM,2011,7.10574
VNM,2012,7.2187
VNM,2013,7.32346
VNM,2014,7.48169
VNM,2015,7.63707
VNM,2016,7.60317
VNM,2017,7.4709
VNM,2018,7.46774
VNM,2019,7.5327
VNM,2020,6.83413
VNM,2021,7.29977
VUT,2000,17.35038
VUT,2001,17.28019
VUT,2002,17.21848
VUT,2003,17.20046
VUT,2004,17.02496
VUT,2005,16.91109
VUT,2006,17.43786
VUT,2007,17.29628
VUT,2008,17.06835
VUT,2009,17.24357
VUT,2010,16.92154
VUT,2011,17.11311
VUT,2012,17.22586
VUT,2013,16.9732
VUT,2014,16.44325
VUT,2015,16.38968
VUT,2016,16.19634
VUT,2017,16.1926
VUT,2018,16.15189
VUT,2019,16.14624
VUT,2020,15.33878
VUT,2021,15.72844
WB_HI,2000,18.79036
WB_HI,2001,18.51224
WB_HI,2002,18.64934
WB_HI,2003,18.70265
WB_HI,2004,18.21357
WB_HI,2005,17.83174
WB_HI,2006,17.01176
WB_HI,2007,16.88046
WB_HI,2008,16.9645
WB_HI,2009,17.17466
WB_HI,2010,16.96423
WB_HI,2011,16.75787
WB_HI,2012,16.36905
WB_HI,2013,16.24866
WB_HI,2014,15.97657
WB_HI,2015,15.61608
WB_HI,2016,15.04082
WB_HI,2017,14.76717
WB_HI,2018,14.83145
WB_HI,2019,14.49539
WB_HI,2020,14.0862
WB_HI,2021,14.30521
WB_LI,2000,6.62528
WB_LI,2001,6.54694
WB_LI,2002,6.45899
WB_LI,2003,6.35457
WB_LI,2004,6.24627
WB_LI,2005,6.1648
WB_LI,2006,6.09569
WB_LI,2007,6.10775
WB_LI,2008,6.11275
WB_LI,2009,6.09221
WB_LI,2010,6.06578
WB_LI,2011,6.07218
WB_LI,2012,6.03577
WB_LI,2013,6.04174
WB_LI,2014,6.0688
WB_LI,2015,6.11185
WB_LI,2016,6.22451
WB_LI,2017,6.28195
WB_LI,2018,6.32353
WB_LI,2019,6.26771
WB_LI,2020,6.09333
WB_LI,2021,6.36657
WB_LMI,2000,10.93411
WB_LMI,2001,10.42972
WB_LMI,2002,10.40877
WB_LMI,2003,10.30705
WB_LMI,2004,10.44487
WB_LMI,2005,10.58771
WB_LMI,2006,10.65858
WB_LMI,2007,10.59346
WB_LMI,2008,10.53395
WB_LMI,2009,10.45953
WB_LMI,2010,10.52294
WB_LMI,2011,10.46749
WB_LMI,2012,10.4449
WB_LMI,2013,10.2608
WB_LMI,2014,9.9857
WB_LMI,2015,9.75361
WB_LMI,2016,9.71586
WB_LMI,2017,9.81163
WB_LMI,2018,9.56296
WB_LMI,2019,9.36492
WB_LMI,2020,8.70765
WB_LMI,2021,8.59783
WB_UMI,2000,11.72208
WB_UMI,2001,11.49298
WB_UMI,2002,11.35133
WB_UMI,2003,11.33995
WB_UMI,2004,11.28228
WB_UMI,2005,10.80574
WB_UMI,2006,10.07735
WB_UMI,2007,9.62128
WB_UMI,2008,9.3235
WB_UMI,2009,8.96596
WB_UMI,2010,8.65206
WB_UMI,2011,8.32397
WB_UMI,2012,8.00248
WB_UMI,2013,7.79367
WB_UMI,2014,7.7844
WB_UMI,2015,7.67323
WB_UMI,2016,7.60461
WB_UMI,2017,7.6164
WB_UMI,2018,7.70804
WB_UMI,2019,7.78514
WB_UMI,2020,7.72968
WB_UMI,2021,7.89082
WPR,2000,14.68242
WPR,2001,14.36713
WPR,2002,14.33217
WPR,2003,14.66631
WPR,2004,14.56045
WPR,2005,14.03564
WPR,2006,12.98913
WPR,2007,12.50896
WPR,2008,12.0957
WPR,2009,11.91257
WPR,2010,11.46222
WPR,2011,10.96229
WPR,2012,10.28956
WPR,2013,10.00064
WPR,2014,9.70759
WPR,2015,9.52414
WPR,2016,9.33139
WPR,2017,9.24368
WPR,2018,9.36679
WPR,2019,9.35118
WPR,2020,9.34572
WPR,2021,9.52503
WSM,2000,11.99567
WSM,2001,11.78158
WSM,2002,11.57705
WSM,2003,11.27683
WSM,2004,10.72258
WSM,2005,10.99423
WSM,2006,10.9988
WSM,2007,10.96182
WSM,2008,11.13823
WSM,2009,9.41768
WSM,2010,11.43225
WSM,2011,11.77292
WSM,2012,11.88414
WSM,2013,11.24864
WSM,2014,12.72858
WSM,2015,13.02345
WSM,2016,13.28815
WSM,2017,13.1126
WSM,2018,12.97878
WSM,2019,12.90103
WSM,2020,11.97106
WSM,2021,11.99624
YEM,2000,5.82139
YEM,2001,5.80351
YEM,2002,5.71998
YEM,2003,5.45207
YEM,2004,5.14777
YEM,2005,5.29749
YEM,2006,5.01825
YEM,2007,5.48046
YEM,2008,5.47452
YEM,2009,5.32235
YEM,2010,5.17014
YEM,2011,4.97581
YEM,2012,4.88272
YEM,2013,4.83012
YEM,2014,4.84423
YEM,2015,4.70619
YEM,2016,4.86431
YEM,2017,4.73069
YEM,2018,4.57719
YEM,2019,4.32991
YEM,2020,3.93434
YEM,2021,4.21206
ZAF,2000,13.13252
ZAF,2001,13.24567
ZAF,2002,14.59887
ZAF,2003,15.75987
ZAF,2004,16.07498
ZAF,2005,15.63631
ZAF,2006,16.0996
ZAF,2007,15.96085
ZAF,2008,16.84226
ZAF,2009,16.40786
ZAF,2010,18.77949
ZAF,2011,17.29479
ZAF,2012,18.18049
ZAF,2013,18.69734
ZAF,2014,20.07204
ZAF,2015,20.74465
ZAF,2016,19.58416
ZAF,2017,18.18689
ZAF,2018,19.15265
ZAF,2019,20.14031
ZAF,2020,21.09958
ZAF,2021,22.2958
ZMB,2000,6.83814
ZMB,2001,6.62811
ZMB,2002,6.73618
ZMB,2003,6.00324
ZMB,2004,6.25438
ZMB,2005,6.00339
ZMB,2006,6.34241
ZMB,2007,6.2141
ZMB,2008,6.10809
ZMB,2009,5.86049
ZMB,2010,6.00275
ZMB,2011,5.89317
ZMB,2012,5.76236
ZMB,2013,5.7991
ZMB,2014,5.64977
ZMB,2015,5.70469
ZMB,2016,5.53026
ZMB,2017,5.6357
ZMB,2018,5.51735
ZMB,2019,5.75766
ZMB,2020,6.00485
ZMB,2021,7.12591
ZWE,2000,12.34936
ZWE,2001,13.17091
ZWE,2002,13.98509
ZWE,2003,14.50857
ZWE,2004,14.4131
ZWE,2005,13.80665
ZWE,2006,13.64041
ZWE,2007,13.20617
ZWE,2008,13.55515
ZWE,2009,12.36363
ZWE,2010,13.56081
ZWE,2011,14.26713
ZWE,2012,14.20988
ZWE,2013,14.28075
ZWE,2014,14.05916
ZWE,2015,14.48262
ZWE,2016,15.0832
ZWE,2017,15.12277
ZWE,2018,16.11169
ZWE,2019,15.83853
ZWE,2020,15.50532
ZWE,2021,17.34344
